ENCFF600XEF	bed narrowPeak	peaks	ENCSR249INE	ChIP-seq	UBERON:0000995	uterus	tissue	Homo sapiens										H3K27ac-human	DNA					False	2016-11-03	ENCODE				1							ENCFF326UUS, ENCFF429VQL, ENCFF708EIA	1876794	ENCODE Processing Pipeline	c3bdc9c6b646c43a87a606467ccd07a6		https://www.encodeproject.org/files/ENCFF600XEF/@@download/ENCFF600XEF.bed.gz	GRCh38				released	s3://encode-public/2018/02/24/80d26dc1-8d99-4571-b352-789441a0f470/ENCFF600XEF.bed.gz				
ENCFF131KBZ	bed narrowPeak	peaks	ENCSR249INE	ChIP-seq	UBERON:0000995	uterus	tissue	Homo sapiens										H3K27ac-human	DNA					False	2016-11-03	ENCODE				1, 2							ENCFF326UUS, ENCFF429VQL, ENCFF617TBP, ENCFF708EIA	2091604	ENCODE Processing Pipeline	872c300244c803ffee19dc95ab28133c		https://www.encodeproject.org/files/ENCFF131KBZ/@@download/ENCFF131KBZ.bed.gz	GRCh38				released	s3://encode-public/2018/02/24/8b784244-acda-4824-a2bd-22e5b4724271/ENCFF131KBZ.bed.gz				
ENCFF092KNS	bed narrowPeak	peaks	ENCSR249INE	ChIP-seq	UBERON:0000995	uterus	tissue	Homo sapiens										H3K27ac-human	DNA					False	2016-11-03	ENCODE				2							ENCFF326UUS, ENCFF429VQL, ENCFF617TBP	2005577	ENCODE Processing Pipeline	1aee7938f58a696a9b9aef31c33a8d56		https://www.encodeproject.org/files/ENCFF092KNS/@@download/ENCFF092KNS.bed.gz	GRCh38				released	s3://encode-public/2018/02/24/4fbae4df-a6cf-423e-bfbc-ee384d2c424e/ENCFF092KNS.bed.gz				
ENCFF216KKS	bed narrowPeak	peaks	ENCSR249INE	ChIP-seq	UBERON:0000995	uterus	tissue	Homo sapiens										H3K27ac-human	DNA					False	2016-11-03	ENCODE				1							ENCFF326UUS, ENCFF708EIA	1808523	ENCODE Processing Pipeline	b336d5159eed70d6392ab09cfd751954		https://www.encodeproject.org/files/ENCFF216KKS/@@download/ENCFF216KKS.bed.gz	GRCh38				archived	s3://encode-public/2017/03/21/eb4ec39f-aa6d-466a-9f6b-e9fb63b2bf50/ENCFF216KKS.bed.gz				
ENCFF888CZC	bed narrowPeak	peaks	ENCSR743DDX	ChIP-seq	UBERON:0000945	stomach	tissue	Homo sapiens										H3K27ac-human	DNA		see document			False	2013-07-31	Roadmap				1							ENCFF081CDJ, ENCFF904DBV	2522316	ENCODE Processing Pipeline	cb72fb6b25bd0967c7742b31cae638f0		https://www.encodeproject.org/files/ENCFF888CZC/@@download/ENCFF888CZC.bed.gz	GRCh38				released	s3://encode-public/2017/03/21/01e5c9a1-d1ca-46cf-9a61-173334ece909/ENCFF888CZC.bed.gz	mild to moderate bottlenecking, low read length			
ENCFF609EYA	bed narrowPeak	peaks	ENCSR001SHB	ChIP-seq	UBERON:0000945	stomach	tissue	Homo sapiens										H3K27ac-human	DNA		see document			False	2013-07-31	Roadmap				1							ENCFF218XAV, ENCFF735KUK	1450585	ENCODE Processing Pipeline	cbaef1369c30a425d793ff7af85e790c		https://www.encodeproject.org/files/ENCFF609EYA/@@download/ENCFF609EYA.bed.gz	GRCh38				released	s3://encode-public/2017/05/24/97398d7b-13e4-450d-87f0-f94099496e76/ENCFF609EYA.bed.gz	low read depth, mild to moderate bottlenecking, inconsistent platforms, low read length			
ENCFF218OOF	bed narrowPeak	peaks	ENCSR678LND	ChIP-seq	UBERON:0002107	liver	tissue	Homo sapiens										H3K27ac-human	DNA		see document			False	2013-07-31	Roadmap				1							ENCFF434JKG, ENCFF955NVU	1982336	ENCODE Processing Pipeline	dc919a271f2a9d0b365101be0aed7adc		https://www.encodeproject.org/files/ENCFF218OOF/@@download/ENCFF218OOF.bed.gz	GRCh38				released	s3://encode-public/2018/01/19/11aa5205-d7ce-4400-b20e-db307fb83e3e/ENCFF218OOF.bed.gz	low read depth, inconsistent platforms, low read length			
ENCFF866WDL	bed narrowPeak	peaks	ENCSR847AIA	ChIP-seq	UBERON:0002369	adrenal gland	tissue	Homo sapiens										H3K27ac-human	DNA		see document			False	2013-07-31	Roadmap				1							ENCFF939RTX, ENCFF962WPS	2585188	ENCODE Processing Pipeline	f14f32c8960b1f87c1647f1098b592d5		https://www.encodeproject.org/files/ENCFF866WDL/@@download/ENCFF866WDL.bed.gz	GRCh38				released	s3://encode-public/2017/03/21/adff6cc4-b8c5-467e-9708-0d76b9c4b2f4/ENCFF866WDL.bed.gz	low read depth, low read length			
ENCFF410KVU	bed narrowPeak	peaks	ENCSR655XLM	ChIP-seq	UBERON:0002108	small intestine	tissue	Homo sapiens										H3K27ac-human	DNA		see document			False	2013-07-31	Roadmap				1							ENCFF180QGB, ENCFF410WCE	1952343	ENCODE Processing Pipeline	5ca88d642406a5f803932f165a87c5e7		https://www.encodeproject.org/files/ENCFF410KVU/@@download/ENCFF410KVU.bed.gz	GRCh38				released	s3://encode-public/2017/05/10/b2b581d8-91a3-48f0-9188-6b216ecf86c5/ENCFF410KVU.bed.gz	control low read depth, low read depth, mild to moderate bottlenecking, moderate library complexity			
ENCFF721GVA	bed narrowPeak	peaks	ENCSR718BTD	ChIP-seq	UBERON:0000996	vagina	tissue	Homo sapiens										H3K27ac-human	DNA					False	2016-11-10	ENCODE				1							ENCFF081ANG, ENCFF413FRL	3028702	ENCODE Processing Pipeline	79de1d6fe94018b6170fd0428f19b03d		https://www.encodeproject.org/files/ENCFF721GVA/@@download/ENCFF721GVA.bed.gz	GRCh38				released	s3://encode-public/2017/02/01/a7096dd0-fedd-479a-b67f-1dbfdea424fa/ENCFF721GVA.bed.gz	mild to moderate bottlenecking	biological replicates with identical biosample	insufficient read depth	
ENCFF919AAI	bed narrowPeak	peaks	ENCSR718BTD	ChIP-seq	UBERON:0000996	vagina	tissue	Homo sapiens										H3K27ac-human	DNA					False	2016-11-10	ENCODE				1, 2							ENCFF081ANG, ENCFF413FRL, ENCFF463AZS	2804884	ENCODE Processing Pipeline	4d767d84d446515d200b60e06e2ad30c		https://www.encodeproject.org/files/ENCFF919AAI/@@download/ENCFF919AAI.bed.gz	GRCh38				released	s3://encode-public/2017/02/01/f612ad58-ad9f-4f18-83b4-8cf2a7c96b97/ENCFF919AAI.bed.gz	mild to moderate bottlenecking	biological replicates with identical biosample	insufficient read depth	
ENCFF467RPZ	bed narrowPeak	peaks	ENCSR718BTD	ChIP-seq	UBERON:0000996	vagina	tissue	Homo sapiens										H3K27ac-human	DNA					False	2016-11-10	ENCODE				2							ENCFF413FRL, ENCFF463AZS	2081126	ENCODE Processing Pipeline	d2792e6f0ac1f0974b9ba0e8a1c00b41		https://www.encodeproject.org/files/ENCFF467RPZ/@@download/ENCFF467RPZ.bed.gz	GRCh38				released	s3://encode-public/2017/02/01/8764115e-6037-4483-8905-8e9698663a7e/ENCFF467RPZ.bed.gz	mild to moderate bottlenecking	biological replicates with identical biosample	insufficient read depth	
ENCFF072EQH	bed narrowPeak	peaks	ENCSR519CFV	ChIP-seq	UBERON:0000947	aorta	tissue	Homo sapiens										H3K27ac-human	DNA		see document			False	2013-07-31	Roadmap				2							ENCFF265HDL, ENCFF861FUK	2205079	ENCODE Processing Pipeline	e23ef7e27ba552d1f02f62d071f3eb64		https://www.encodeproject.org/files/ENCFF072EQH/@@download/ENCFF072EQH.bed.gz	GRCh38				released	s3://encode-public/2017/05/10/c3166c06-be3c-4079-ba19-99dc1971ade6/ENCFF072EQH.bed.gz	moderate library complexity, inconsistent platforms, low read length, control low read depth, low read depth, mild to moderate bottlenecking			
ENCFF610FFR	bed narrowPeak	peaks	ENCSR230BWN	ChIP-seq	UBERON:0002113	kidney	tissue	Homo sapiens										H3K27ac-human	DNA		see document			False	2013-07-31	Roadmap				1							ENCFF119WEO, ENCFF226FMX	2279602	ENCODE Processing Pipeline	3d6641a6845e0c177b6ebb88b3c4c65b		https://www.encodeproject.org/files/ENCFF610FFR/@@download/ENCFF610FFR.bed.gz	GRCh38				released	s3://encode-public/2018/01/20/d027a129-4fa5-4a66-87f1-4668a55ba966/ENCFF610FFR.bed.gz	low read depth, inconsistent platforms, low read length			
ENCFF012MST	bed narrowPeak	peaks	ENCSR645SYH	ChIP-seq	UBERON:0001043	esophagus	tissue	Homo sapiens										H3K27ac-human	DNA		see document			False	2013-07-31	Roadmap				1							ENCFF027UBL, ENCFF166HVM	3147743	ENCODE Processing Pipeline	91d307ab1b3c8a8d596ba05b85991704		https://www.encodeproject.org/files/ENCFF012MST/@@download/ENCFF012MST.bed.gz	GRCh38				released	s3://encode-public/2017/03/27/8f1541ce-ee67-4d13-9a4a-19535488492c/ENCFF012MST.bed.gz	low read depth, mild to moderate bottlenecking, inconsistent platforms, moderate library complexity			
ENCFF693CZV	bed narrowPeak	peaks	ENCSR095YMD	ChIP-seq	UBERON:0004648	esophagus muscularis mucosa	tissue	Homo sapiens										H3K27ac-human	DNA					False	2016-11-03	ENCODE				1							ENCFF065VYW, ENCFF144FKQ	2063010	ENCODE Processing Pipeline	c5f46326a6e8c940e9160466c62e0369		https://www.encodeproject.org/files/ENCFF693CZV/@@download/ENCFF693CZV.bed.gz	GRCh38				released	s3://encode-public/2017/03/21/4480f1b5-29ac-4028-9235-c30900e72476/ENCFF693CZV.bed.gz	mild to moderate bottlenecking			
ENCFF159KOZ	bed narrowPeak	peaks	ENCSR540ADS	ChIP-seq	UBERON:0002048	lung	tissue	Homo sapiens										H3K27ac-human	DNA		see document			False	2013-07-31	Roadmap				1							ENCFF540ZWQ, ENCFF859GMA	2389122	ENCODE Processing Pipeline	c0321bac26d425317fa3568a30035baf		https://www.encodeproject.org/files/ENCFF159KOZ/@@download/ENCFF159KOZ.bed.gz	GRCh38				released	s3://encode-public/2017/03/21/54d69e97-5bff-4835-b41e-e1e6a38d66d0/ENCFF159KOZ.bed.gz	moderate library complexity, control low read depth, mild to moderate bottlenecking, low read length			
ENCFF254EWR	bed narrowPeak	peaks	ENCSR454VRA	ChIP-seq	UBERON:0002108	small intestine	tissue	Homo sapiens										H3K27ac-human	DNA		see document			False	2013-07-31	Roadmap				1							ENCFF034DXU, ENCFF915JKN	3048977	ENCODE Processing Pipeline	ec3da01813bc86fc31caea2ae21bb58e		https://www.encodeproject.org/files/ENCFF254EWR/@@download/ENCFF254EWR.bed.gz	GRCh38				released	s3://encode-public/2017/04/05/3866f57b-5519-4085-ac39-beb4b3423142/ENCFF254EWR.bed.gz	inconsistent platforms, low read length			
ENCFF344KHI	bed narrowPeak	peaks	ENCSR324JDC	ChIP-seq	UBERON:0000016	endocrine pancreas	tissue	Homo sapiens										H3K27ac-human	DNA		see document			False	2013-07-31	Roadmap				1							ENCFF021DHO, ENCFF490IZD	884756	ENCODE Processing Pipeline	ed63a24df534853c7a5cd4e28fb024e9		https://www.encodeproject.org/files/ENCFF344KHI/@@download/ENCFF344KHI.bed.gz	GRCh38				released	s3://encode-public/2017/11/28/7d8fbad5-65d4-43b1-8e95-cfe58b93a190/ENCFF344KHI.bed.gz	low read depth	inconsistent mapped reads lengths	control insufficient read depth	
ENCFF888CQV	bed narrowPeak	peaks	ENCSR677LBH	ChIP-seq	UBERON:0004550	gastroesophageal sphincter	tissue	Homo sapiens										H3K27ac-human	DNA					False	2016-11-03	ENCODE				1							ENCFF727EYK, ENCFF956VTO	2230133	ENCODE Processing Pipeline	f983815454f8d07c9204db16047463ab		https://www.encodeproject.org/files/ENCFF888CQV/@@download/ENCFF888CQV.bed.gz	GRCh38				released	s3://encode-public/2017/03/21/fb93b860-e8d1-49eb-be36-c9da6ff16da3/ENCFF888CQV.bed.gz				
ENCFF478NMO	bed narrowPeak	peaks	ENCSR268JQE	ChIP-seq	UBERON:0000992	ovary	tissue	Homo sapiens										H3K27ac-human	DNA		see document			False	2013-07-31	Roadmap				1							ENCFF178CUD, ENCFF791PRR	2985793	ENCODE Processing Pipeline	2596b1ae8bcc38a1f75e464091d4c3a4		https://www.encodeproject.org/files/ENCFF478NMO/@@download/ENCFF478NMO.bed.gz	GRCh38				released	s3://encode-public/2017/05/06/b567ce66-7854-43d5-85d9-bd558f08622d/ENCFF478NMO.bed.gz	moderate library complexity, low read depth, mild to moderate bottlenecking, inconsistent platforms, low read length			
ENCFF361ZQK	bed narrowPeak	peaks	ENCSR716FUH	ChIP-seq	UBERON:0002046	thyroid gland	tissue	Homo sapiens										H3K27ac-human	DNA					False	2016-11-05	ENCODE				1							ENCFF111TOF, ENCFF444XGX	1945891	ENCODE Processing Pipeline	df1b667a6cdd4117e7124a2f8b6a4b4a		https://www.encodeproject.org/files/ENCFF361ZQK/@@download/ENCFF361ZQK.bed.gz	GRCh38				released	s3://encode-public/2017/04/05/42f2ad48-80d7-4d3b-92c2-98a8a4a446a2/ENCFF361ZQK.bed.gz				
ENCFF955ZTO	bed narrowPeak	peaks	ENCSR133NBJ	ChIP-seq	UBERON:0000945	stomach	tissue	Homo sapiens										H3K27ac-human	DNA					False	2016-11-03	ENCODE				1							ENCFF419ELL, ENCFF913JKY	2308049	ENCODE Processing Pipeline	ebe07ff828ffb77a1d2c91782efc165c		https://www.encodeproject.org/files/ENCFF955ZTO/@@download/ENCFF955ZTO.bed.gz	GRCh38				released	s3://encode-public/2017/03/21/9a3059e1-4873-4bfe-8537-72773b63b9b6/ENCFF955ZTO.bed.gz				
ENCFF446EQI	bed narrowPeak	peaks	ENCSR597BWL	ChIP-seq	UBERON:0002046	thyroid gland	tissue	Homo sapiens										H3K27ac-human	DNA					False	2016-05-23	ENCODE				1							ENCFF464KVS, ENCFF839GSN	992455	ENCODE Processing Pipeline	fb0bf95be81754248cd3ee0451d0c1a2		https://www.encodeproject.org/files/ENCFF446EQI/@@download/ENCFF446EQI.bed.gz	GRCh38				released	s3://encode-public/2016/10/29/f973e73b-19c0-4172-80b3-2f69b47e4e57/ENCFF446EQI.bed.gz	low read depth	biological replicates with identical biosample		
ENCFF980AAU	bed narrowPeak	peaks	ENCSR597BWL	ChIP-seq	UBERON:0002046	thyroid gland	tissue	Homo sapiens										H3K27ac-human	DNA					False	2016-05-23	ENCODE				2							ENCFF464KVS, ENCFF603FIA	848434	ENCODE Processing Pipeline	7c4a6c40a1a889090425a3ad900a2188		https://www.encodeproject.org/files/ENCFF980AAU/@@download/ENCFF980AAU.bed.gz	GRCh38				released	s3://encode-public/2016/10/29/a796864a-091f-4a5e-a1f3-d9ab92fcfb32/ENCFF980AAU.bed.gz	low read depth	biological replicates with identical biosample		
ENCFF346ICP	bed narrowPeak	peaks	ENCSR597BWL	ChIP-seq	UBERON:0002046	thyroid gland	tissue	Homo sapiens										H3K27ac-human	DNA					False	2016-05-23	ENCODE				1, 2							ENCFF464KVS, ENCFF603FIA, ENCFF839GSN	699159	ENCODE Processing Pipeline	c0949b39aafb819aafcf2ef379dc99dc		https://www.encodeproject.org/files/ENCFF346ICP/@@download/ENCFF346ICP.bed.gz	GRCh38				released	s3://encode-public/2016/10/29/b41e7493-4dae-4806-86e8-831db2bb60de/ENCFF346ICP.bed.gz	low read depth	biological replicates with identical biosample		
ENCFF614BKG	bed narrowPeak	peaks	ENCSR791ISZ	ChIP-seq	UBERON:0008450	psoas muscle	tissue	Homo sapiens										H3K27ac-human	DNA		see document			False	2013-07-31	Roadmap				2							ENCFF127SFN, ENCFF305JAV	2457520	ENCODE Processing Pipeline	d09a6954e8b4ae4d33cccdbc0ba72649		https://www.encodeproject.org/files/ENCFF614BKG/@@download/ENCFF614BKG.bed.gz	GRCh38				released	s3://encode-public/2017/05/10/e5327d42-7c1b-45c1-ab69-fd79f7816daf/ENCFF614BKG.bed.gz	mild to moderate bottlenecking, inconsistent platforms, low read length		insufficient read depth, poor library complexity	
ENCFF922URN	bed narrowPeak	peaks	ENCSR596PFU	ChIP-seq	UBERON:0001150	body of pancreas	tissue	Homo sapiens										H3K27ac-human	DNA					False	2016-07-28	ENCODE				1							ENCFF590RZJ, ENCFF785RYZ	1862283	ENCODE Processing Pipeline	0deafc8d35bb6de0c4dfb470ce20ac0e		https://www.encodeproject.org/files/ENCFF922URN/@@download/ENCFF922URN.bed.gz	GRCh38				released	s3://encode-public/2017/03/21/49490ddf-22f4-4065-8da7-64d949e8bd70/ENCFF922URN.bed.gz				
ENCFF519HEP	bed narrowPeak	peaks	ENCSR189QAD	ChIP-seq	UBERON:0002369	adrenal gland	tissue	Homo sapiens										H3K27ac-human	DNA					False	2016-11-03	ENCODE				1							ENCFF128CEV, ENCFF994XVP	2593945	ENCODE Processing Pipeline	3ed3f0930c83ad468df78b34a21dc2de		https://www.encodeproject.org/files/ENCFF519HEP/@@download/ENCFF519HEP.bed.gz	GRCh38				released	s3://encode-public/2017/04/06/af9874c8-d209-4268-a371-f7525d6c9f6f/ENCFF519HEP.bed.gz	mild to moderate bottlenecking			
ENCFF140PPW	bed narrowPeak	peaks	ENCSR011MGQ	ChIP-seq	UBERON:0014455	subcutaneous abdominal adipose tissue	tissue	Homo sapiens										H3K27ac-human	DNA		see document			False	2013-07-31	Roadmap				1							ENCFF371GDC, ENCFF976PAI	1949387	ENCODE Processing Pipeline	e0e9debcf44b140ea674a7be5cc09fb7		https://www.encodeproject.org/files/ENCFF140PPW/@@download/ENCFF140PPW.bed.gz	GRCh38				released	s3://encode-public/2018/01/24/38980694-f7a8-47a5-ad6f-012555651925/ENCFF140PPW.bed.gz	moderate library complexity, low read depth, mild to moderate bottlenecking, inconsistent platforms, low read length			
ENCFF064PQH	bed narrowPeak	peaks	ENCSR322TJD	ChIP-seq	UBERON:0000947	aorta	tissue	Homo sapiens										H3K27ac-human	DNA		see document			False	2013-07-31	Roadmap				1							ENCFF278NFU, ENCFF434DCE	2055629	ENCODE Processing Pipeline	2bb4fd971b66f724ee246a3ffbea85d4		https://www.encodeproject.org/files/ENCFF064PQH/@@download/ENCFF064PQH.bed.gz	GRCh38				released	s3://encode-public/2017/05/23/a6c68726-7a8b-4a83-962b-e032f7745dc0/ENCFF064PQH.bed.gz	moderate library complexity, low read depth, mild to moderate bottlenecking, low read length			
ENCFF078ILN	bed narrowPeak	peaks	ENCSR582UTE	ChIP-seq	UBERON:0000945	stomach	tissue	Homo sapiens										H3K27ac-human	DNA		see document			False	2013-07-31	Roadmap				1							ENCFF434DAM, ENCFF805CCB	2308831	ENCODE Processing Pipeline	898df70e3d108cac7f2c6c76bc86394e		https://www.encodeproject.org/files/ENCFF078ILN/@@download/ENCFF078ILN.bed.gz	GRCh38				released	s3://encode-public/2017/05/10/0b9f5b78-7f40-4938-9f5b-b0816a5e5984/ENCFF078ILN.bed.gz	low read depth, mild to moderate bottlenecking, moderate library complexity			
ENCFF669BDL	bed narrowPeak	peaks	ENCSR492PXH	ChIP-seq	UBERON:0000016	endocrine pancreas	tissue	Homo sapiens										H3K27ac-human	DNA		see document			False	2013-07-31	Roadmap				1							ENCFF445IGF, ENCFF490IZD	4618471	ENCODE Processing Pipeline	57cd7a12cad37e9c93e88b05fdbf86fc		https://www.encodeproject.org/files/ENCFF669BDL/@@download/ENCFF669BDL.bed.gz	GRCh38				released	s3://encode-public/2017/11/28/a93d1a56-d3d2-4c49-9df9-87db1ae3cbba/ENCFF669BDL.bed.gz			control insufficient read depth, insufficient read depth	
ENCFF756LUQ	bed narrowPeak	peaks	ENCSR604JDV	ChIP-seq	UBERON:0002967	cingulate gyrus	tissue	Homo sapiens										H3K27ac-human	DNA		see document			False	2013-07-31	Roadmap				1							ENCFF328IAC, ENCFF379HFP	2453597	ENCODE Processing Pipeline	da3ef5376188a98bb539bc5cb54c9b93		https://www.encodeproject.org/files/ENCFF756LUQ/@@download/ENCFF756LUQ.bed.gz	GRCh38				released	s3://encode-public/2018/01/25/e2720299-8559-4b9a-95f5-e8660528e6b7/ENCFF756LUQ.bed.gz	low read depth, inconsistent platforms, low read length			
ENCFF372JJL	bed narrowPeak	peaks	ENCSR726HTS	ChIP-seq	UBERON:0002106	spleen	tissue	Homo sapiens										H3K27ac-human	DNA					False	2016-11-03	ENCODE				1							ENCFF289QOL, ENCFF608SQR	3138330	ENCODE Processing Pipeline	df270a5dd0fe60a7fce1c64c3642802c		https://www.encodeproject.org/files/ENCFF372JJL/@@download/ENCFF372JJL.bed.gz	GRCh38				released	s3://encode-public/2017/03/21/ea266122-d844-42ed-8f32-40202b8582e0/ENCFF372JJL.bed.gz	mild to moderate bottlenecking			
ENCFF823HIP	bed narrowPeak	peaks	ENCSR321LKT	ChIP-seq	UBERON:0002305	layer of hippocampus	tissue	Homo sapiens										H3K27ac-human	DNA		see document			False	2013-07-31	Roadmap				1							ENCFF389CPB, ENCFF772XUV	2008717	ENCODE Processing Pipeline	09d9e907498f5238801afa6ab3846ef6		https://www.encodeproject.org/files/ENCFF823HIP/@@download/ENCFF823HIP.bed.gz	GRCh38				released	s3://encode-public/2017/11/08/95308237-3b89-4faf-8cb5-0fda82a2b2e6/ENCFF823HIP.bed.gz	moderate library complexity, low read depth, mild to moderate bottlenecking, low read length			
ENCFF874BBA	bed narrowPeak	peaks	ENCSR912TVO	ChIP-seq	UBERON:0002305	layer of hippocampus	tissue	Homo sapiens										H3K27ac-human	DNA		see document			False	2013-07-31	Roadmap				1							ENCFF548HKU, ENCFF861MBI	1754555	ENCODE Processing Pipeline	b4f6194f3b2bc27722631409d21d26ed		https://www.encodeproject.org/files/ENCFF874BBA/@@download/ENCFF874BBA.bed.gz	GRCh38				released	s3://encode-public/2017/11/06/e5bce420-8bca-4363-9d43-8510bae30131/ENCFF874BBA.bed.gz	control low read depth, low read depth, low read length			
ENCFF874DSY	bed narrowPeak	peaks	ENCSR443UYU	ChIP-seq	UBERON:0001621	coronary artery	tissue	Homo sapiens										H3K27ac-human	DNA					False	2016-11-03	ENCODE				1							ENCFF663UKL, ENCFF935OQU	2657966	ENCODE Processing Pipeline	fa83f8a1d372eace6f92e6a7e10df9a0		https://www.encodeproject.org/files/ENCFF874DSY/@@download/ENCFF874DSY.bed.gz	GRCh38				released	s3://encode-public/2017/03/21/aa405e92-7f09-4b40-92fd-c31af3ee7592/ENCFF874DSY.bed.gz				
ENCFF361RGJ	bed narrowPeak	peaks	ENCSR250NHD	ChIP-seq	UBERON:0008450	psoas muscle	tissue	Homo sapiens										H3K27ac-human	DNA		see document			False	2013-07-31	Roadmap				1							ENCFF295IFC, ENCFF881HEW	1856066	ENCODE Processing Pipeline	54b9aa26d61036485c76cd909e52cba7		https://www.encodeproject.org/files/ENCFF361RGJ/@@download/ENCFF361RGJ.bed.gz	GRCh38				released	s3://encode-public/2017/03/21/e3ed78a2-b1de-4dc9-b7a1-090161ba51ce/ENCFF361RGJ.bed.gz	mild to moderate bottlenecking, moderate library complexity		insufficient read depth	
ENCFF938RGG	bed narrowPeak	peaks	ENCSR034ZKE	ChIP-seq	UBERON:0008367	breast epithelium	tissue	Homo sapiens										H3K27ac-human	DNA					False	2016-11-03	ENCODE				1							ENCFF422CZO, ENCFF636AYA	3008172	ENCODE Processing Pipeline	365ac8112b053ffb87ef893f78b499b5		https://www.encodeproject.org/files/ENCFF938RGG/@@download/ENCFF938RGG.bed.gz	GRCh38				released	s3://encode-public/2017/03/21/9226d4ff-0c48-4842-a6b0-ddd933a45b05/ENCFF938RGG.bed.gz	mild to moderate bottlenecking			
ENCFF617BNF	bed narrowPeak	peaks	ENCSR150QXE	ChIP-seq	UBERON:0002084	heart left ventricle	tissue	Homo sapiens										H3K27ac-human	DNA		see document			False	2013-07-31	Roadmap				1							ENCFF191CNS, ENCFF623DTG	2243969	ENCODE Processing Pipeline	55c42d97efb23c373456a64c40598e2e		https://www.encodeproject.org/files/ENCFF617BNF/@@download/ENCFF617BNF.bed.gz	GRCh38				released	s3://encode-public/2017/05/06/378a7861-c806-4054-987e-86512bfdfddb/ENCFF617BNF.bed.gz	moderate library complexity, control low read depth, mild to moderate bottlenecking, low read length		insufficient read depth	
ENCFF678ZMD	bed narrowPeak	peaks	ENCSR367WYJ	ChIP-seq	UBERON:0008450	psoas muscle	tissue	Homo sapiens										H3K27ac-human	DNA		see document			False	2013-07-31	Roadmap				1							ENCFF616JVU, ENCFF755AFZ	2161958	ENCODE Processing Pipeline	938327b013079fafa6b6ad184451bb4c		https://www.encodeproject.org/files/ENCFF678ZMD/@@download/ENCFF678ZMD.bed.gz	GRCh38				released	s3://encode-public/2017/04/05/df918114-304a-4e02-b8a7-5530084b12e1/ENCFF678ZMD.bed.gz	low read length, mild to moderate bottlenecking, mixed read lengths		poor library complexity	
ENCFF154ALD	bed narrowPeak	peaks	ENCSR775FTU	ChIP-seq	UBERON:0001774	muscle of trunk	tissue	Homo sapiens										H3K27ac-human	DNA		see document			False	2013-07-31	Roadmap				1							ENCFF450SEM, ENCFF739WVP	1885305	ENCODE Processing Pipeline	f3d072486d557b066b52a594ade5a385		https://www.encodeproject.org/files/ENCFF154ALD/@@download/ENCFF154ALD.bed.gz	GRCh38				released	s3://encode-public/2017/03/21/f89806a6-7d3d-4360-8fec-68b254fa2430/ENCFF154ALD.bed.gz	low read depth, low read length			
ENCFF236KXA	bed narrowPeak	peaks	ENCSR123HEE	ChIP-seq	UBERON:0002305	layer of hippocampus	tissue	Homo sapiens										H3K27ac-human	DNA		see document			False	2013-07-31	Roadmap				1							ENCFF136KAA, ENCFF855VQK	2217791	ENCODE Processing Pipeline	ff372c976c5670bae5758c3ada226b32		https://www.encodeproject.org/files/ENCFF236KXA/@@download/ENCFF236KXA.bed.gz	GRCh38				released	s3://encode-public/2018/01/25/2939a93a-4eef-4eed-be99-b275439546d8/ENCFF236KXA.bed.gz	low read depth, mild to moderate bottlenecking, inconsistent platforms, low read length			
ENCFF495HNT	bed narrowPeak	peaks	ENCSR494MDB	ChIP-seq	UBERON:0001873	caudate nucleus	tissue	Homo sapiens										H3K27ac-human	DNA		see document			False	2013-07-31	Roadmap				1							ENCFF043ISW, ENCFF057ZIZ	2952467	ENCODE Processing Pipeline	8536f870aaed9f6b069ff739e5aea66d		https://www.encodeproject.org/files/ENCFF495HNT/@@download/ENCFF495HNT.bed.gz	GRCh38				released	s3://encode-public/2017/11/06/d0f95eb6-371d-4771-9123-59bb3e372abb/ENCFF495HNT.bed.gz	low read length			
ENCFF947NGI	bed narrowPeak	peaks	ENCSR971ETA	ChIP-seq	UBERON:0004222	stomach smooth muscle	tissue	Homo sapiens										H3K27ac-human	DNA		see document			False	2013-07-31	Roadmap				1							ENCFF508AJI, ENCFF722BJU	1576684	ENCODE Processing Pipeline	613d1c34f7ac4133eed0b317a2646daa		https://www.encodeproject.org/files/ENCFF947NGI/@@download/ENCFF947NGI.bed.gz	GRCh38				released	s3://encode-public/2018/01/19/040afe49-4751-407d-bfe3-ea85d0099ec2/ENCFF947NGI.bed.gz	mild to moderate bottlenecking, inconsistent platforms, low read length			
ENCFF263HRH	bed narrowPeak	peaks	ENCSR028NXO	ChIP-seq	UBERON:0002080	heart right ventricle	tissue	Homo sapiens										H3K27ac-human	DNA		see document			False	2013-07-31	Roadmap				1							ENCFF246SXV, ENCFF834ZEK	2812968	ENCODE Processing Pipeline	958bcd9669d475e50c0e44d976a01cc0		https://www.encodeproject.org/files/ENCFF263HRH/@@download/ENCFF263HRH.bed.gz	GRCh38				released	s3://encode-public/2017/03/21/60579981-866d-41ab-82a0-9deafe980e0b/ENCFF263HRH.bed.gz	mild to moderate bottlenecking, inconsistent platforms, moderate library complexity		insufficient read depth	
ENCFF578QIC	bed narrowPeak	peaks	ENCSR928HSI	ChIP-seq	UBERON:0002080	heart right ventricle	tissue	Homo sapiens										H3K27ac-human	DNA		see document			False	2013-07-31	Roadmap				1							ENCFF025LCL, ENCFF993LSH	2253893	ENCODE Processing Pipeline	3c9e26244e5bc22ad858e57f1afd7854		https://www.encodeproject.org/files/ENCFF578QIC/@@download/ENCFF578QIC.bed.gz	GRCh38				released	s3://encode-public/2017/05/10/9d078a65-922c-451b-9534-8702fe66f019/ENCFF578QIC.bed.gz	moderate library complexity, inconsistent platforms, low read length, control low read depth, low read depth, mild to moderate bottlenecking			
ENCFF208DZK	bed narrowPeak	peaks	ENCSR069UMW	ChIP-seq	UBERON:0001496	ascending aorta	tissue	Homo sapiens										H3K27ac-human	DNA					False	2016-11-03	ENCODE				1							ENCFF128VGR, ENCFF299AOC	2137971	ENCODE Processing Pipeline	cb1ac9756a89195e75efe359edcda76f		https://www.encodeproject.org/files/ENCFF208DZK/@@download/ENCFF208DZK.bed.gz	GRCh38				released	s3://encode-public/2017/03/21/ce520983-3730-4049-af1f-7b2610a4098c/ENCFF208DZK.bed.gz	mild to moderate bottlenecking			
ENCFF137CFG	bed narrowPeak	peaks	ENCSR909UAG	ChIP-seq	UBERON:0006920	esophagus squamous epithelium	tissue	Homo sapiens										H3K27ac-human	DNA					False	2016-11-07	ENCODE				1							ENCFF305KDB, ENCFF952HHU	2710077	ENCODE Processing Pipeline	80bbceed59f82b665b4a804b8609437b		https://www.encodeproject.org/files/ENCFF137CFG/@@download/ENCFF137CFG.bed.gz	GRCh38				released	s3://encode-public/2017/03/21/11de5684-4476-46b8-aa4e-37c123726203/ENCFF137CFG.bed.gz				
ENCFF904PXI	bed narrowPeak	peaks	ENCSR177QFY	ChIP-seq	UBERON:0002369	adrenal gland	tissue	Homo sapiens										H3K27ac-human	DNA					False	2016-10-24	ENCODE				1, 2							ENCFF159PLR, ENCFF357WIV, ENCFF552AFU	994232	ENCODE Processing Pipeline	53017d972fe212993603a33949f91249		https://www.encodeproject.org/files/ENCFF904PXI/@@download/ENCFF904PXI.bed.gz	GRCh38				released	s3://encode-public/2016/10/29/a9f85413-4c2a-4566-be12-81a8c9ad43a1/ENCFF904PXI.bed.gz		biological replicates with identical biosample		
ENCFF010MDK	bed narrowPeak	peaks	ENCSR177QFY	ChIP-seq	UBERON:0002369	adrenal gland	tissue	Homo sapiens										H3K27ac-human	DNA					False	2016-10-24	ENCODE				1							ENCFF159PLR, ENCFF552AFU	1170179	ENCODE Processing Pipeline	c41ba59cd40f5d9d88623d0edad87b69		https://www.encodeproject.org/files/ENCFF010MDK/@@download/ENCFF010MDK.bed.gz	GRCh38				released	s3://encode-public/2016/10/29/2678da43-ee13-4f44-8d82-52761f2fe568/ENCFF010MDK.bed.gz		biological replicates with identical biosample		
ENCFF174BNU	bed narrowPeak	peaks	ENCSR177QFY	ChIP-seq	UBERON:0002369	adrenal gland	tissue	Homo sapiens										H3K27ac-human	DNA					False	2016-10-24	ENCODE				2							ENCFF159PLR, ENCFF357WIV	1066484	ENCODE Processing Pipeline	5dbedfbc9ee916174c23fb160c7dc8b1		https://www.encodeproject.org/files/ENCFF174BNU/@@download/ENCFF174BNU.bed.gz	GRCh38				released	s3://encode-public/2016/10/29/852a091e-5005-4b1c-96a1-6307f24dc08e/ENCFF174BNU.bed.gz		biological replicates with identical biosample		
ENCFF661QTR	bed narrowPeak	peaks	ENCSR738SXD	ChIP-seq	UBERON:0008952	upper lobe of left lung	tissue	Homo sapiens										H3K27ac-human	DNA					False	2016-11-10	ENCODE				1							ENCFF163YFX, ENCFF563DBT	2338666	ENCODE Processing Pipeline	d5cbc586b40bd14a6264780dbf385498		https://www.encodeproject.org/files/ENCFF661QTR/@@download/ENCFF661QTR.bed.gz	GRCh38				released	s3://encode-public/2017/03/21/63c645a9-0d17-4b06-bcc9-a29534bab1fe/ENCFF661QTR.bed.gz				
ENCFF946SRJ	bed narrowPeak	peaks	ENCSR854OXF	ChIP-seq	UBERON:0002084	heart left ventricle	tissue	Homo sapiens										H3K27ac-human	DNA					False	2016-11-03	ENCODE				1							ENCFF065GIK, ENCFF639VKM	2241526	ENCODE Processing Pipeline	a3855662c19e63ac14aac1cbf26b2903		https://www.encodeproject.org/files/ENCFF946SRJ/@@download/ENCFF946SRJ.bed.gz	GRCh38				released	s3://encode-public/2017/03/21/bc0f9d2f-a848-4914-b2c5-538e4269cae8/ENCFF946SRJ.bed.gz				
ENCFF302TBY	bed narrowPeak	peaks	ENCSR203KCB	ChIP-seq	UBERON:0002046	thyroid gland	tissue	Homo sapiens										H3K27ac-human	DNA					False	2016-05-23	ENCODE				1							ENCFF079PQP, ENCFF805QHZ	1353913	ENCODE Processing Pipeline	bd386249333e08da76b9b73be70217aa		https://www.encodeproject.org/files/ENCFF302TBY/@@download/ENCFF302TBY.bed.gz	GRCh38				released	s3://encode-public/2016/10/29/a7eb30d0-0fe0-498e-866a-d7f900b61b5f/ENCFF302TBY.bed.gz	mild to moderate bottlenecking, moderate library complexity	biological replicates with identical biosample		
ENCFF755KHM	bed narrowPeak	peaks	ENCSR203KCB	ChIP-seq	UBERON:0002046	thyroid gland	tissue	Homo sapiens										H3K27ac-human	DNA					False	2016-05-23	ENCODE				2							ENCFF079PQP, ENCFF422DFO	1524227	ENCODE Processing Pipeline	1afc89dcc872b6f0c3235185c699d7ab		https://www.encodeproject.org/files/ENCFF755KHM/@@download/ENCFF755KHM.bed.gz	GRCh38				released	s3://encode-public/2016/10/29/6bf6c813-47b3-480b-8b04-171d6668dd0e/ENCFF755KHM.bed.gz	mild to moderate bottlenecking, moderate library complexity	biological replicates with identical biosample		
ENCFF252DKY	bed narrowPeak	peaks	ENCSR203KCB	ChIP-seq	UBERON:0002046	thyroid gland	tissue	Homo sapiens										H3K27ac-human	DNA					False	2016-05-23	ENCODE				1, 2							ENCFF079PQP, ENCFF422DFO, ENCFF805QHZ	1311797	ENCODE Processing Pipeline	a974aa3999f2379362d83b8d9af05431		https://www.encodeproject.org/files/ENCFF252DKY/@@download/ENCFF252DKY.bed.gz	GRCh38				released	s3://encode-public/2016/10/29/a998c22b-b3ab-4c91-844a-fd48360c7c86/ENCFF252DKY.bed.gz	mild to moderate bottlenecking, moderate library complexity	biological replicates with identical biosample		
ENCFF691ZPI	bed narrowPeak	peaks	ENCSR892XFG	ChIP-seq	UBERON:0002108	small intestine	tissue	Homo sapiens										H3K27ac-human	DNA		see document			False	2013-07-31	Roadmap				1							ENCFF384HEG, ENCFF466VBP	2203587	ENCODE Processing Pipeline	b462ca131a67c776802c96022ff53c4a		https://www.encodeproject.org/files/ENCFF691ZPI/@@download/ENCFF691ZPI.bed.gz	GRCh38				released	s3://encode-public/2017/03/21/34152a64-8cb6-4086-b3da-8cbb292cfb99/ENCFF691ZPI.bed.gz	low read length			
ENCFF470WBY	bed narrowPeak	peaks	ENCSR355UYP	ChIP-seq	UBERON:0002967	cingulate gyrus	tissue	Homo sapiens										H3K27ac-human	DNA		see document			False	2013-07-31	Roadmap				1							ENCFF113HHY, ENCFF920BQH	2108854	ENCODE Processing Pipeline	479188058d9dd7cf66e6b154d3509dbe		https://www.encodeproject.org/files/ENCFF470WBY/@@download/ENCFF470WBY.bed.gz	GRCh38				released	s3://encode-public/2017/11/06/b54046d9-5846-41d7-876f-cd84a2294b1f/ENCFF470WBY.bed.gz	low read length			
ENCFF665PPH	bed narrowPeak	peaks	ENCSR520BIM	ChIP-seq	UBERON:0001150	body of pancreas	tissue	Homo sapiens										H3K27ac-human	DNA					False	2016-07-28	ENCODE				2							ENCFF644ZVV, ENCFF811QJL	1523023	ENCODE Processing Pipeline	23ee60b3b49a3b85918d46e91b6de880		https://www.encodeproject.org/files/ENCFF665PPH/@@download/ENCFF665PPH.bed.gz	GRCh38				released	s3://encode-public/2016/10/30/23295061-9a94-4356-b27f-712f85513acd/ENCFF665PPH.bed.gz	mild to moderate bottlenecking, mixed read lengths	biological replicates with identical biosample		
ENCFF691SHK	bed narrowPeak	peaks	ENCSR520BIM	ChIP-seq	UBERON:0001150	body of pancreas	tissue	Homo sapiens										H3K27ac-human	DNA					False	2016-07-28	ENCODE				1, 2							ENCFF644ZVV, ENCFF708ZJH, ENCFF811QJL	1762728	ENCODE Processing Pipeline	2ea2ddd37a1f8b0637068bebd74162d4		https://www.encodeproject.org/files/ENCFF691SHK/@@download/ENCFF691SHK.bed.gz	GRCh38				released	s3://encode-public/2016/10/30/ca1b4176-108c-477d-9b61-d745368935f3/ENCFF691SHK.bed.gz	mild to moderate bottlenecking, mixed read lengths	biological replicates with identical biosample		
ENCFF124GQS	bed narrowPeak	peaks	ENCSR520BIM	ChIP-seq	UBERON:0001150	body of pancreas	tissue	Homo sapiens										H3K27ac-human	DNA					False	2016-07-28	ENCODE				1							ENCFF644ZVV, ENCFF708ZJH	2088151	ENCODE Processing Pipeline	1baa51efcd728af594107c894fe36db1		https://www.encodeproject.org/files/ENCFF124GQS/@@download/ENCFF124GQS.bed.gz	GRCh38				released	s3://encode-public/2016/10/30/12d58205-3cad-49a4-83b5-6e1906797c0b/ENCFF124GQS.bed.gz	mild to moderate bottlenecking, mixed read lengths	biological replicates with identical biosample		
ENCFF084SZN	bed narrowPeak	peaks	ENCSR981UJA	ChIP-seq	UBERON:0001114	right lobe of liver	tissue	Homo sapiens										H3K27ac-human	DNA					False	2016-11-03	ENCODE				2							ENCFF756TNK, ENCFF823LEI	2292073	ENCODE Processing Pipeline	4068502748d9087018c04efd0d999f4b		https://www.encodeproject.org/files/ENCFF084SZN/@@download/ENCFF084SZN.bed.gz	GRCh38				released	s3://encode-public/2016/11/15/84966359-5716-4215-94fa-e8a9b778a03d/ENCFF084SZN.bed.gz	mild to moderate bottlenecking, low read depth	biological replicates with identical biosample		
ENCFF419DVC	bed narrowPeak	peaks	ENCSR981UJA	ChIP-seq	UBERON:0001114	right lobe of liver	tissue	Homo sapiens										H3K27ac-human	DNA					False	2016-11-03	ENCODE				1							ENCFF435RWI, ENCFF823LEI	3028956	ENCODE Processing Pipeline	cba20932489eb5360929a07bae9112f8		https://www.encodeproject.org/files/ENCFF419DVC/@@download/ENCFF419DVC.bed.gz	GRCh38				released	s3://encode-public/2016/11/15/3ed6bd65-c173-455b-98ec-bde3751f546e/ENCFF419DVC.bed.gz	mild to moderate bottlenecking, low read depth	biological replicates with identical biosample		
ENCFF710URH	bed narrowPeak	peaks	ENCSR981UJA	ChIP-seq	UBERON:0001114	right lobe of liver	tissue	Homo sapiens										H3K27ac-human	DNA					False	2016-11-03	ENCODE				1, 2							ENCFF435RWI, ENCFF756TNK, ENCFF823LEI	2690682	ENCODE Processing Pipeline	6be5acb55fed1811f9c083aaca96bd17		https://www.encodeproject.org/files/ENCFF710URH/@@download/ENCFF710URH.bed.gz	GRCh38				released	s3://encode-public/2016/11/15/b3aacc9f-c0b0-4acd-8b82-654b1e2c30b7/ENCFF710URH.bed.gz	mild to moderate bottlenecking, low read depth	biological replicates with identical biosample		
ENCFF956NXK	bed narrowPeak	peaks	ENCSR748TFF	ChIP-seq	UBERON:0001150	body of pancreas	tissue	Homo sapiens										H3K27ac-human	DNA					False	2016-11-03	ENCODE				1							ENCFF228XSQ, ENCFF233XIN	1814787	ENCODE Processing Pipeline	5e3def33db49f407281d62511b56e846		https://www.encodeproject.org/files/ENCFF956NXK/@@download/ENCFF956NXK.bed.gz	GRCh38				released	s3://encode-public/2017/03/21/482887b1-62db-4fd7-977a-59696614cc05/ENCFF956NXK.bed.gz				
ENCFF666QBO	bed narrowPeak	peaks	ENCSR430RVP	ChIP-seq	UBERON:0000305	amnion	tissue	Homo sapiens										H3K27ac-human	DNA		see document			False	2013-07-31	Roadmap				1							ENCFF161BPY, ENCFF454LRX	1279510	ENCODE Processing Pipeline	85cfbe3e70b07b7cfad28527f15779e2		https://www.encodeproject.org/files/ENCFF666QBO/@@download/ENCFF666QBO.bed.gz	GRCh38				released	s3://encode-public/2017/11/28/99cf6071-8e73-41df-8bbe-e479327a1b71/ENCFF666QBO.bed.gz				
ENCFF889LVN	bed narrowPeak	peaks	ENCSR094VJC	ChIP-seq	UBERON:0002369	adrenal gland	tissue	Homo sapiens										H3K27ac-human	DNA					False	2016-08-09	ENCODE				1							ENCFF579ITQ, ENCFF692SRU	1121220	ENCODE Processing Pipeline	c4f7c9acca86b2e9da0e8697bfacfb40		https://www.encodeproject.org/files/ENCFF889LVN/@@download/ENCFF889LVN.bed.gz	GRCh38				released	s3://encode-public/2017/04/06/c5c115f5-18fb-4a21-9fd5-86fcf7f218f3/ENCFF889LVN.bed.gz	mild to moderate bottlenecking			
ENCFF543EBD	bed narrowPeak	peaks	ENCSR329FXI	ChIP-seq	UBERON:0001134	skeletal muscle tissue	tissue	Homo sapiens										H3K27ac-human	DNA		see document			False	2013-07-31	Roadmap				1							ENCFF082LKM, ENCFF088QDD	1785844	ENCODE Processing Pipeline	8fcdf3397fed7cd4f4adef6ea227c670		https://www.encodeproject.org/files/ENCFF543EBD/@@download/ENCFF543EBD.bed.gz	GRCh38				released	s3://encode-public/2018/01/23/9420c138-5639-4662-92c5-67c7599172c1/ENCFF543EBD.bed.gz	low read depth, mild to moderate bottlenecking, inconsistent platforms, low read length			
ENCFF498LTH	bed narrowPeak	peaks	ENCSR507SRD	ChIP-seq	UBERON:0000088	trophoblast	tissue	Homo sapiens										H3K27ac-human	DNA					False	2013-07-31	Roadmap				1							ENCFF291ITK, ENCFF417VBD	2462593	ENCODE Processing Pipeline	76d20061707eb5daaccf00a747952385		https://www.encodeproject.org/files/ENCFF498LTH/@@download/ENCFF498LTH.bed.gz	GRCh38				released	s3://encode-public/2017/11/28/3959a5f9-5401-452e-a3b1-f3ece5d3323f/ENCFF498LTH.bed.gz		experiment not submitted to GEO		missing antibody
ENCFF692GOF	bed narrowPeak	peaks	ENCSR955XFL	ChIP-seq	UBERON:0000088	trophoblast	tissue	Homo sapiens										H3K27ac-human	DNA					False	2013-07-31	Roadmap				1							ENCFF354EWL, ENCFF543JKQ	1863922	ENCODE Processing Pipeline	2349b7b6e286aff262dca942f16e90ec		https://www.encodeproject.org/files/ENCFF692GOF/@@download/ENCFF692GOF.bed.gz	GRCh38				released	s3://encode-public/2017/11/28/00f0d85a-069c-405d-9fc5-b082d2f9ba38/ENCFF692GOF.bed.gz		experiment not submitted to GEO		missing antibody
ENCFF042XXW	bed narrowPeak	peaks	ENCSR230IMS	ChIP-seq	UBERON:0002107	liver	tissue	Homo sapiens										H3K27ac-human	DNA		see document			False	2013-07-31	Roadmap				1							ENCFF187VUX, ENCFF252RFB	1401675	ENCODE Processing Pipeline	d6267361b3a2cd97fd599b3e2e55d298		https://www.encodeproject.org/files/ENCFF042XXW/@@download/ENCFF042XXW.bed.gz	GRCh38				released	s3://encode-public/2018/01/19/e2c1bcd6-826a-45d9-9667-d9d9db28ae56/ENCFF042XXW.bed.gz	control low read depth, low read depth, mild to moderate bottlenecking, inconsistent platforms, low read length			
ENCFF438IZP	bed narrowPeak	peaks	ENCSR726WVB	ChIP-seq	UBERON:0002038	substantia nigra	tissue	Homo sapiens										H3K27ac-human	DNA		see document			False	2013-07-31	Roadmap				1, 2							ENCFF018JTJ, ENCFF469FUK, ENCFF849JIR	1615930	ENCODE Processing Pipeline	ed199fc7d0c025a9a81812b0b6e56b02		https://www.encodeproject.org/files/ENCFF438IZP/@@download/ENCFF438IZP.bed.gz	GRCh38				released	s3://encode-public/2018/01/29/0530fe8b-b340-4c86-9927-608407b98d8e/ENCFF438IZP.bed.gz	control low read depth, low read depth, mild to moderate bottlenecking, low read length		severe bottlenecking, poor library complexity	
ENCFF426OMF	bed narrowPeak	peaks	ENCSR726WVB	ChIP-seq	UBERON:0002038	substantia nigra	tissue	Homo sapiens										H3K27ac-human	DNA		see document			False	2013-07-31	Roadmap				1							ENCFF018JTJ, ENCFF849JIR	1706906	ENCODE Processing Pipeline	1af097ae58dff3db9b16bda55898f594		https://www.encodeproject.org/files/ENCFF426OMF/@@download/ENCFF426OMF.bed.gz	GRCh38				released	s3://encode-public/2018/01/29/66c3fa69-1341-4abe-9897-713c595b459f/ENCFF426OMF.bed.gz	control low read depth, low read depth, mild to moderate bottlenecking, low read length		severe bottlenecking, poor library complexity	
ENCFF325LLK	bed narrowPeak	peaks	ENCSR726WVB	ChIP-seq	UBERON:0002038	substantia nigra	tissue	Homo sapiens										H3K27ac-human	DNA		see document			False	2013-07-31	Roadmap				2							ENCFF018JTJ, ENCFF469FUK	2226156	ENCODE Processing Pipeline	1759b144d4c06f55362d20668f2fd3b1		https://www.encodeproject.org/files/ENCFF325LLK/@@download/ENCFF325LLK.bed.gz	GRCh38				released	s3://encode-public/2018/01/29/344636fb-1c2b-45fe-8233-5106bf056600/ENCFF325LLK.bed.gz	control low read depth, low read depth, mild to moderate bottlenecking, low read length		severe bottlenecking, poor library complexity	
ENCFF926MNC	bed narrowPeak	peaks	ENCSR438SPO	ChIP-seq	UBERON:0002113	kidney	tissue	Homo sapiens										H3K27ac-human	DNA		see document			False	2013-07-31	Roadmap				1							ENCFF307BLT, ENCFF790DXE	2036677	ENCODE Processing Pipeline	5c9285af23b5ec2fd2e15bb8da726084		https://www.encodeproject.org/files/ENCFF926MNC/@@download/ENCFF926MNC.bed.gz	GRCh38				released	s3://encode-public/2018/01/20/40c95a57-bc04-4ef5-878e-59bfeeffc6ad/ENCFF926MNC.bed.gz	low read depth, low read length			
ENCFF411JQL	bed narrowPeak	peaks	ENCSR543CPW	ChIP-seq	UBERON:0002108	small intestine	tissue	Homo sapiens										H3K27ac-human	DNA		see document			False	2013-07-31	Roadmap				1							ENCFF034DXU, ENCFF429QHU	3088797	ENCODE Processing Pipeline	c439f3a455afe221947fb04d2afd745d		https://www.encodeproject.org/files/ENCFF411JQL/@@download/ENCFF411JQL.bed.gz	GRCh38				released	s3://encode-public/2017/03/27/8fd22e4f-0e3b-4010-94e9-b6594abb1c14/ENCFF411JQL.bed.gz	low read depth, mild to moderate bottlenecking, inconsistent platforms		severe bottlenecking, poor library complexity	
ENCFF041OOF	bed narrowPeak	peaks	ENCSR074ECR	ChIP-seq	UBERON:0002078	right cardiac atrium	tissue	Homo sapiens										H3K27ac-human	DNA		see document			False	2013-07-31	Roadmap				1							ENCFF301ZNZ, ENCFF798EOG	2319726	ENCODE Processing Pipeline	7618557b9e9abb5ec1d4cbc11eaa0049		https://www.encodeproject.org/files/ENCFF041OOF/@@download/ENCFF041OOF.bed.gz	GRCh38				released	s3://encode-public/2017/03/21/271747eb-2a4e-47b2-aba9-03dade170572/ENCFF041OOF.bed.gz	moderate library complexity, control low read depth, mild to moderate bottlenecking, low read length			
ENCFF930YIB	bed narrowPeak	peaks	ENCSR189JIH	ChIP-seq	UBERON:0000995	uterus	tissue	Homo sapiens										H3K27ac-human	DNA					False	2018-12-11	ENCODE				1							ENCFF367SAH, ENCFF492OBI	1826072	ENCODE Processing Pipeline	64dea907c6005f34e458a34f4a3f73dc		https://www.encodeproject.org/files/ENCFF930YIB/@@download/ENCFF930YIB.bed.gz	GRCh38				released	s3://encode-public/2018/12/07/38f5ae70-d7af-4156-9608-cdea5b81d30c/ENCFF930YIB.bed.gz		experiment not submitted to GEO		
ENCFF512SFD	bed narrowPeak	peaks	ENCSR798RTU	ChIP-seq	UBERON:0001873	caudate nucleus	tissue	Homo sapiens										H3K27ac-human	DNA		see document			False	2013-07-31	Roadmap				1							ENCFF051KEN, ENCFF469UUP	2960199	ENCODE Processing Pipeline	04177c0aa3a769eb5e9ce39d42a079ca		https://www.encodeproject.org/files/ENCFF512SFD/@@download/ENCFF512SFD.bed.gz	GRCh38				released	s3://encode-public/2018/01/24/340b5c38-736e-4828-a438-605bb1f861fc/ENCFF512SFD.bed.gz	low read depth, inconsistent platforms, low read length			
ENCFF283CXG	bed narrowPeak	peaks	ENCSR702OVJ	ChIP-seq	UBERON:0002084	heart left ventricle	tissue	Homo sapiens										H3K27ac-human	DNA					False	2018-12-11	ENCODE				1							ENCFF386TAB, ENCFF504OCJ	1834253	ENCODE Processing Pipeline	7e11bbe9a5be696ec126d8e92e56d766		https://www.encodeproject.org/files/ENCFF283CXG/@@download/ENCFF283CXG.bed.gz	GRCh38				released	s3://encode-public/2018/06/18/37f2411f-37fe-4bb8-bf3c-60b544d7308d/ENCFF283CXG.bed.gz		experiment not submitted to GEO		
ENCFF905DCJ	bed narrowPeak	peaks	ENCSR948TOS	ChIP-seq	UBERON:0008952	upper lobe of left lung	tissue	Homo sapiens										H3K27ac-human	DNA					False	2018-12-11	ENCODE				1							ENCFF028IGG, ENCFF646GTW	2186544	ENCODE Processing Pipeline	6db1f7a8ca1ccfbf7086afdc69a6344f		https://www.encodeproject.org/files/ENCFF905DCJ/@@download/ENCFF905DCJ.bed.gz	GRCh38				released	s3://encode-public/2018/12/07/c884d609-b113-48d6-91d2-c8ec6a0093e5/ENCFF905DCJ.bed.gz		experiment not submitted to GEO		
ENCFF237CDY	bed narrowPeak	peaks	ENCSR463NAD	ChIP-seq	UBERON:0006920	esophagus squamous epithelium	tissue	Homo sapiens										H3K27ac-human	DNA					False	2019-02-12	ENCODE				1							ENCFF269POL, ENCFF975UDA	1809933	ENCODE Processing Pipeline	b0f8a0a751a572fec1178a2935842b83		https://www.encodeproject.org/files/ENCFF237CDY/@@download/ENCFF237CDY.bed.gz	GRCh38				released	s3://encode-public/2019/02/11/f0a4c83a-dd67-4b4a-91f9-599af3498b1c/ENCFF237CDY.bed.gz		experiment not submitted to GEO		
ENCFF022XUW	bed narrowPeak	peaks	ENCSR453MUW	ChIP-seq	UBERON:0008952	upper lobe of left lung	tissue	Homo sapiens										H3K27ac-human	DNA					False	2018-12-11	ENCODE				1							ENCFF351KZG, ENCFF981WUC	2214768	ENCODE Processing Pipeline	51771297b2916e1e86e9cd37e1cf282a		https://www.encodeproject.org/files/ENCFF022XUW/@@download/ENCFF022XUW.bed.gz	GRCh38				released	s3://encode-public/2018/06/19/31570d53-ed8d-44c5-83f1-898c062caf67/ENCFF022XUW.bed.gz		experiment not submitted to GEO		
ENCFF250RPZ	bed narrowPeak	peaks	ENCSR170MAJ	ChIP-seq	UBERON:0002106	spleen	tissue	Homo sapiens										H3K27ac-human	DNA		see document			False	2013-07-31	Roadmap				1							ENCFF259EKT, ENCFF825ZUF	1284929	ENCODE Processing Pipeline	19793984be885f9e6af5171be9070e12		https://www.encodeproject.org/files/ENCFF250RPZ/@@download/ENCFF250RPZ.bed.gz	GRCh38				released	s3://encode-public/2017/03/21/809da992-7030-4370-8c44-051a9b54a708/ENCFF250RPZ.bed.gz	low read depth, mild to moderate bottlenecking		control insufficient read depth, poor library complexity	
ENCFF304FLQ	bed narrowPeak	peaks	ENCSR763IDK	ChIP-seq	UBERON:0002367	prostate gland	tissue	Homo sapiens										H3K27ac-human	DNA					False	2017-08-28	ENCODE				1							ENCFF083NAO, ENCFF462UDU	1135127	ENCODE Processing Pipeline	7e0180bb70d489af8ebfd4f40c2bc575		https://www.encodeproject.org/files/ENCFF304FLQ/@@download/ENCFF304FLQ.bed.gz	GRCh38				released	s3://encode-public/2017/08/26/6c51329f-6538-4550-94a8-ff8f3f4d0aea/ENCFF304FLQ.bed.gz		mismatched file status, experiment not submitted to GEO		
ENCFF908YKO	bed narrowPeak	peaks	ENCSR612BWE	ChIP-seq	UBERON:0001264	pancreas	tissue	Homo sapiens										H3K27ac-human	DNA		see document			False	2013-07-31	Roadmap				1							ENCFF516INT, ENCFF912RCK	1372549	ENCODE Processing Pipeline	9f796ccde78cd30051b26ef447efd467		https://www.encodeproject.org/files/ENCFF908YKO/@@download/ENCFF908YKO.bed.gz	GRCh38				released	s3://encode-public/2017/04/06/7515f74d-6231-4f39-a0d1-6819dc4e82a4/ENCFF908YKO.bed.gz	moderate library complexity, low read depth, mild to moderate bottlenecking, inconsistent platforms, low read length			
ENCFF567YJK	bed narrowPeak	peaks	ENCSR054BKO	ChIP-seq	UBERON:0001255	urinary bladder	tissue	Homo sapiens										H3K27ac-human	DNA		see document			False	2013-07-31	Roadmap				1							ENCFF439WSM, ENCFF487EPL	2271509	ENCODE Processing Pipeline	a496ff7bcc6980205351ce29b6e9d6df		https://www.encodeproject.org/files/ENCFF567YJK/@@download/ENCFF567YJK.bed.gz	GRCh38				released	s3://encode-public/2017/03/21/da9a5da6-b98d-431a-ad72-b1f567b77ed8/ENCFF567YJK.bed.gz	low read depth, mild to moderate bottlenecking, moderate library complexity			
ENCFF078BGZ	bed narrowPeak	peaks	ENCSR086QZY	ChIP-seq	UBERON:0002369	adrenal gland	tissue	Homo sapiens										H3K27ac-human	DNA					False	2018-12-15	ENCODE				1							ENCFF145GMT, ENCFF735RFS	1557855	ENCODE Processing Pipeline	11630cb86c9d5f178a302fef381ec61c		https://www.encodeproject.org/files/ENCFF078BGZ/@@download/ENCFF078BGZ.bed.gz	GRCh38				released	s3://encode-public/2018/12/14/6c3a4dfc-b33f-4a0d-bd24-54fe4e609f6a/ENCFF078BGZ.bed.gz		experiment not submitted to GEO		
ENCFF442LCJ	bed narrowPeak	peaks	ENCSR082SHT	ChIP-seq	UBERON:0001013	adipose tissue	tissue	Homo sapiens										H3K27ac-human	DNA		see document			False	2013-07-31	Roadmap				1							ENCFF168AMY, ENCFF861HMY	1086326	ENCODE Processing Pipeline	fdca8eebae72bccff067fdc4f25abafc		https://www.encodeproject.org/files/ENCFF442LCJ/@@download/ENCFF442LCJ.bed.gz	GRCh38				released	s3://encode-public/2017/03/21/00334b7a-7b59-43fb-a234-0900e7f5001d/ENCFF442LCJ.bed.gz	low read depth, low read length			
ENCFF020COG	bed narrowPeak	peaks	ENCSR982QIF	ChIP-seq	UBERON:0001496	ascending aorta	tissue	Homo sapiens										H3K27ac-human	DNA					False	2017-06-08	ENCODE				1							ENCFF823SXL, ENCFF893ZJC	2092527	ENCODE Processing Pipeline	3685016e8a1f8457445a6aa0109cfd89		https://www.encodeproject.org/files/ENCFF020COG/@@download/ENCFF020COG.bed.gz	GRCh38				released	s3://encode-public/2017/06/07/0d8ceb31-749d-4679-b3d1-d2619f58f9b2/ENCFF020COG.bed.gz				
ENCFF765OLU	bed narrowPeak	peaks	ENCSR679OVD	ChIP-seq	UBERON:0001043	esophagus	tissue	Homo sapiens										H3K27ac-human	DNA		see document			False	2013-07-31	Roadmap				1							ENCFF303TFY, ENCFF611WYN	2474490	ENCODE Processing Pipeline	3eb7d5fac9bf8775408e9872978dbf09		https://www.encodeproject.org/files/ENCFF765OLU/@@download/ENCFF765OLU.bed.gz	GRCh38				released	s3://encode-public/2017/05/10/60750ac9-c843-4431-ab55-0e8f32f90821/ENCFF765OLU.bed.gz	low read depth, mild to moderate bottlenecking, low read length			
ENCFF559GZX	bed narrowPeak	peaks	ENCSR642HHF	ChIP-seq	UBERON:0002369	adrenal gland	tissue	Homo sapiens										H3K27ac-human	DNA		see document			False	2013-07-31	Roadmap				1							ENCFF078ACZ, ENCFF120ZSN	2731802	ENCODE Processing Pipeline	8b92774255875d376bf7555dd0f6ddeb		https://www.encodeproject.org/files/ENCFF559GZX/@@download/ENCFF559GZX.bed.gz	GRCh38				released	s3://encode-public/2017/05/06/c35ca84f-cff5-4a60-98c5-cda5189a7105/ENCFF559GZX.bed.gz	mild to moderate bottlenecking		insufficient read depth, poor library complexity	
ENCFF794DRQ	bed narrowPeak	peaks	ENCSR751BHO	ChIP-seq	UBERON:0000945	stomach	tissue	Homo sapiens										H3K27ac-human	DNA					False	2018-12-14	ENCODE				1							ENCFF470BXZ, ENCFF817BRE	2411130	ENCODE Processing Pipeline	3a6ad33475d8187f5334a06d421cd414		https://www.encodeproject.org/files/ENCFF794DRQ/@@download/ENCFF794DRQ.bed.gz	GRCh38				released	s3://encode-public/2018/12/07/2edea318-96b4-4959-b8ae-01423a681c63/ENCFF794DRQ.bed.gz		experiment not submitted to GEO		
ENCFF644KJL	bed narrowPeak	peaks	ENCSR432DPY	ChIP-seq	UBERON:0001150	body of pancreas	tissue	Homo sapiens										H3K27ac-human	DNA					False	2019-02-11	ENCODE				1							ENCFF814NJK, ENCFF992DZR	1461521	ENCODE Processing Pipeline	7144b9ae5a456d8e4d1ea2343dc2b70c		https://www.encodeproject.org/files/ENCFF644KJL/@@download/ENCFF644KJL.bed.gz	GRCh38				released	s3://encode-public/2019/02/09/efd6e719-2ff6-4de1-92f6-6686a1c31128/ENCFF644KJL.bed.gz		experiment not submitted to GEO		
ENCFF523MQU	bed narrowPeak	peaks	ENCSR086XCT	ChIP-seq	UBERON:0002106	spleen	tissue	Homo sapiens										H3K27ac-human	DNA		see document			False	2013-07-31	Roadmap				1							ENCFF062ZGG, ENCFF941BBF	2488096	ENCODE Processing Pipeline	33e4ec473e1537f15aa619fcb52dfe5d		https://www.encodeproject.org/files/ENCFF523MQU/@@download/ENCFF523MQU.bed.gz	GRCh38				released	s3://encode-public/2017/05/15/cdf06a02-6bd7-4ee6-be1f-a44d8c5112ac/ENCFF523MQU.bed.gz	control low read depth, low read depth, mild to moderate bottlenecking, moderate library complexity			
ENCFF588LDH	bed narrowPeak	peaks	ENCSR437QMD	ChIP-seq	UBERON:0000945	stomach	tissue	Homo sapiens										H3K27ac-human	DNA		see document			False	2013-07-31	Roadmap				1							ENCFF115AHD, ENCFF972FYM	2922802	ENCODE Processing Pipeline	150d99e3d3d3662ad47b2a3e7117e7cf		https://www.encodeproject.org/files/ENCFF588LDH/@@download/ENCFF588LDH.bed.gz	GRCh38				released	s3://encode-public/2017/05/25/abed56b0-38dd-4015-9d3b-df7a187c7f5e/ENCFF588LDH.bed.gz	low read length, moderate library complexity, mild to moderate bottlenecking, inconsistent platforms, mixed read lengths			
ENCFF942JAP	bed narrowPeak	peaks	ENCSR778QHG	ChIP-seq	UBERON:0001323	tibial nerve	tissue	Homo sapiens										H3K27ac-human	DNA					False	2018-12-11	ENCODE				1							ENCFF782HSW, ENCFF929ZNM	1215686	ENCODE Processing Pipeline	19fded3cd1577acecdb000b91159c3d1		https://www.encodeproject.org/files/ENCFF942JAP/@@download/ENCFF942JAP.bed.gz	GRCh38				released	s3://encode-public/2018/12/07/5cbaf0ae-0a93-4acb-af41-1ed2567a028e/ENCFF942JAP.bed.gz		experiment not submitted to GEO		
ENCFF786UMK	bed narrowPeak	peaks	ENCSR771YJT	ChIP-seq	UBERON:0001323	tibial nerve	tissue	Homo sapiens										H3K27ac-human	DNA					False	2017-01-27	ENCODE				1							ENCFF286OJD, ENCFF925HTZ	2940314	ENCODE Processing Pipeline	df9ec5f5cfe6f60a5e51eed3f1cb8938		https://www.encodeproject.org/files/ENCFF786UMK/@@download/ENCFF786UMK.bed.gz	GRCh38				released	s3://encode-public/2017/03/21/ad53feba-b0f8-4a90-a7af-6e988dd87380/ENCFF786UMK.bed.gz				
ENCFF255BHO	bed narrowPeak	peaks	ENCSR402HFW	ChIP-seq	UBERON:0001264	pancreas	tissue	Homo sapiens										H3K27ac-human	DNA		see document			False	2013-07-31	Roadmap				1							ENCFF015LEU, ENCFF623LBS	3428343	ENCODE Processing Pipeline	5dfafa9ddf9d5679953a6e49b7049015		https://www.encodeproject.org/files/ENCFF255BHO/@@download/ENCFF255BHO.bed.gz	GRCh38				released	s3://encode-public/2017/05/06/cb607a40-fd06-40a4-a7d8-366737d2a0ec/ENCFF255BHO.bed.gz	mild to moderate bottlenecking		insufficient read depth, poor library complexity	
ENCFF964UAX	bed narrowPeak	peaks	ENCSR557DFM	ChIP-seq	UBERON:0002084	heart left ventricle	tissue	Homo sapiens										H3K27ac-human	DNA		see document			False	2013-07-31	Roadmap				1							ENCFF401VYN, ENCFF676AXV	2400090	ENCODE Processing Pipeline	45666980cd442070cd539480aeab0862		https://www.encodeproject.org/files/ENCFF964UAX/@@download/ENCFF964UAX.bed.gz	GRCh38				released	s3://encode-public/2017/03/21/b5bd7890-e130-45f5-b680-6a2619f3f29d/ENCFF964UAX.bed.gz	mild to moderate bottlenecking, low read length		poor library complexity	
ENCFF674CQP	bed narrowPeak	peaks	ENCSR405ESP	ChIP-seq	UBERON:0002369	adrenal gland	tissue	Homo sapiens										H3K27ac-human	DNA		see document			False	2013-07-31	Roadmap				1							ENCFF237BVB, ENCFF529DAA	927427	ENCODE Processing Pipeline	df7135713da8131e2710813456e5fe4d		https://www.encodeproject.org/files/ENCFF674CQP/@@download/ENCFF674CQP.bed.gz	GRCh38				released	s3://encode-public/2017/05/25/3e658820-1fbd-4d45-8a41-836ca53ddda2/ENCFF674CQP.bed.gz	low read length, moderate library complexity, mild to moderate bottlenecking, mixed read lengths			
ENCFF270BHR	bed narrowPeak	peaks	ENCSR458RRZ	ChIP-seq	UBERON:0002107	liver	tissue	Homo sapiens										H3K27ac-human	DNA		see document			False	2013-07-31	Roadmap				1							ENCFF572NBX, ENCFF964MSO	2053147	ENCODE Processing Pipeline	f675c045ccafaaa7488f3366cbae2576		https://www.encodeproject.org/files/ENCFF270BHR/@@download/ENCFF270BHR.bed.gz	GRCh38				released	s3://encode-public/2019/01/18/f36d4156-933e-4467-81ec-5d34e58f209a/ENCFF270BHR.bed.gz	mild to moderate bottlenecking	inconsistent mapped reads lengths	poor library complexity	
ENCFF399ACB	bed narrowPeak	peaks	ENCSR235ZBF	ChIP-seq	UBERON:0002106	spleen	tissue	Homo sapiens										H3K27ac-human	DNA		see document			False	2013-07-31	Roadmap				1							ENCFF850VCJ, ENCFF969DRM	1967031	ENCODE Processing Pipeline	74f85df9372809d0005eb9e18ac85cb0		https://www.encodeproject.org/files/ENCFF399ACB/@@download/ENCFF399ACB.bed.gz	GRCh38				released	s3://encode-public/2017/05/10/98dfdd6f-0c84-42ad-a20a-5886f14aba8d/ENCFF399ACB.bed.gz	low read depth, mild to moderate bottlenecking, inconsistent platforms, low read length			
ENCFF793DJY	bed narrowPeak	peaks	ENCSR204OJS	ChIP-seq	UBERON:0000945	stomach	tissue	Homo sapiens										H3K27ac-human	DNA					False	2019-02-12	ENCODE				1							ENCFF636ACK, ENCFF808COP	1808354	ENCODE Processing Pipeline	585842fd79f87ae30b05041e7940e846		https://www.encodeproject.org/files/ENCFF793DJY/@@download/ENCFF793DJY.bed.gz	GRCh38				released	s3://encode-public/2019/02/11/41e41133-fd88-4f33-bba4-2c478a6c4e4f/ENCFF793DJY.bed.gz		experiment not submitted to GEO		
ENCFF226WER	bed narrowPeak	peaks	ENCSR550WUX	ChIP-seq	UBERON:0002048	lung	tissue	Homo sapiens										H3K27ac-human	DNA		see document			False	2013-07-31	Roadmap				1							ENCFF684FZC, ENCFF968JGA	2353106	ENCODE Processing Pipeline	821f13cdb0ac98c46a58cc2a4754266f		https://www.encodeproject.org/files/ENCFF226WER/@@download/ENCFF226WER.bed.gz	GRCh38				released	s3://encode-public/2017/05/10/446b9aa5-81c8-4b42-aaa5-18027657f3ab/ENCFF226WER.bed.gz	low read depth, mild to moderate bottlenecking, inconsistent platforms, moderate library complexity			
ENCFF927EDL	bed narrowPeak	peaks	ENCSR195JWZ	ChIP-seq	UBERON:0004550	gastroesophageal sphincter	tissue	Homo sapiens										H3K27ac-human	DNA					False	2019-02-12	ENCODE				1							ENCFF584UYW, ENCFF616SPS	973808	ENCODE Processing Pipeline	6361cd5862d89a0d611fa30325fcc4d5		https://www.encodeproject.org/files/ENCFF927EDL/@@download/ENCFF927EDL.bed.gz	GRCh38				released	s3://encode-public/2019/02/11/fe5703e1-121f-4186-aeef-1aff14ad8433/ENCFF927EDL.bed.gz		experiment not submitted to GEO		
ENCFF426LEZ	bed narrowPeak	peaks	ENCSR500YBS	ChIP-seq	UBERON:0002046	thyroid gland	tissue	Homo sapiens										H3K27ac-human	DNA					False	2019-02-12	ENCODE				1							ENCFF388CEW, ENCFF675TWM	2397096	ENCODE Processing Pipeline	de5429026903b54c86cb833df52e7289		https://www.encodeproject.org/files/ENCFF426LEZ/@@download/ENCFF426LEZ.bed.gz	GRCh38				released	s3://encode-public/2019/02/11/1407af18-276d-4d04-aa87-b83ad9c42101/ENCFF426LEZ.bed.gz		experiment not submitted to GEO		
ENCFF776MXU	bed narrowPeak	peaks	ENCSR535GFO	ChIP-seq	UBERON:0007610	tibial artery	tissue	Homo sapiens										H3K27ac-human	DNA					False	2018-12-11	ENCODE				2							ENCFF400VJM, ENCFF459ELZ, ENCFF863PQO	1899968	ENCODE Processing Pipeline	b6e8397d0b6e1885e5bc4b4a90fdbadc		https://www.encodeproject.org/files/ENCFF776MXU/@@download/ENCFF776MXU.bed.gz	GRCh38				released	s3://encode-public/2018/06/19/bf841d52-f2fb-4c60-964b-6bd4da2f965e/ENCFF776MXU.bed.gz	mild to moderate bottlenecking	experiment not submitted to GEO		
ENCFF121HDP	bed narrowPeak	peaks	ENCSR535GFO	ChIP-seq	UBERON:0007610	tibial artery	tissue	Homo sapiens										H3K27ac-human	DNA					False	2018-12-11	ENCODE				1, 2							ENCFF400VJM, ENCFF437QEP, ENCFF459ELZ, ENCFF863PQO	1902652	ENCODE Processing Pipeline	375001359c79c9f82278d93fea5fb6df		https://www.encodeproject.org/files/ENCFF121HDP/@@download/ENCFF121HDP.bed.gz	GRCh38				released	s3://encode-public/2018/06/19/7d59e239-83d5-4dfa-9904-8d5e2d2bd3ab/ENCFF121HDP.bed.gz	mild to moderate bottlenecking	experiment not submitted to GEO		
ENCFF028BAF	bed narrowPeak	peaks	ENCSR535GFO	ChIP-seq	UBERON:0007610	tibial artery	tissue	Homo sapiens										H3K27ac-human	DNA					False	2018-12-11	ENCODE				1							ENCFF400VJM, ENCFF437QEP	989555	ENCODE Processing Pipeline	7ca115e751a528de74b6f756e1e534f8		https://www.encodeproject.org/files/ENCFF028BAF/@@download/ENCFF028BAF.bed.gz	GRCh38				released	s3://encode-public/2018/06/19/80fbde11-e930-476a-b125-d37acca1c2f5/ENCFF028BAF.bed.gz	mild to moderate bottlenecking	experiment not submitted to GEO		
ENCFF819NRA	bed narrowPeak	peaks	ENCSR136ZQZ	ChIP-seq	UBERON:0000473	testis	tissue	Homo sapiens										H3K27ac-human	DNA					False	2019-02-12	ENCODE				1							ENCFF530XFE, ENCFF769EOR	1523628	ENCODE Processing Pipeline	02fecfc4036f5a26c998231fe3bc914d		https://www.encodeproject.org/files/ENCFF819NRA/@@download/ENCFF819NRA.bed.gz	GRCh38				released	s3://encode-public/2019/02/11/54a3d1ed-f139-4bbb-99ac-9eb08e29039f/ENCFF819NRA.bed.gz		experiment not submitted to GEO		
ENCFF158SOT	bed narrowPeak	peaks	ENCSR091KXI	ChIP-seq	UBERON:0001323	tibial nerve	tissue	Homo sapiens										H3K27ac-human	DNA					False	2019-02-12	ENCODE				1							ENCFF193BHL, ENCFF538CEM	1760027	ENCODE Processing Pipeline	b4ffe8989d576a6708f841a4eba3a27f		https://www.encodeproject.org/files/ENCFF158SOT/@@download/ENCFF158SOT.bed.gz	GRCh38				released	s3://encode-public/2019/02/11/a4b4a18a-b38f-4d62-8269-05c103e7e252/ENCFF158SOT.bed.gz		experiment not submitted to GEO		
ENCFF306LTG	bed narrowPeak	peaks	ENCSR810EPZ	ChIP-seq	CL:0000909	CD8-positive, alpha-beta memory T cell	primary cell	Homo sapiens										H3K27ac-human	DNA		see document			False	2013-07-31	Roadmap				1							ENCFF079EZT, ENCFF633ZOG	1120805	ENCODE Processing Pipeline	6344d9e87e8c5d367e42d7a59bc6044e		https://www.encodeproject.org/files/ENCFF306LTG/@@download/ENCFF306LTG.bed.gz	GRCh38				released	s3://encode-public/2018/01/20/7ec97839-37bd-49c9-a7f6-e40078890f46/ENCFF306LTG.bed.gz	low read length, low read depth, moderate library complexity, mild to moderate bottlenecking			
ENCFF712QQV	bed narrowPeak	peaks	ENCSR222QLW	ChIP-seq	CL:0000084	T-cell	primary cell	Homo sapiens										H3K27ac-human	DNA		see document			False	2013-07-31	Roadmap				1							ENCFF736FZD, ENCFF937DTA	1361309	ENCODE Processing Pipeline	c10b613b401b34a43d4e6ca2d658076b		https://www.encodeproject.org/files/ENCFF712QQV/@@download/ENCFF712QQV.bed.gz	GRCh38				released	s3://encode-public/2017/03/23/8068aa5b-5dec-4056-abf8-43d803265a84/ENCFF712QQV.bed.gz	low read length			
ENCFF234SDB	bed narrowPeak	peaks	ENCSR892HPQ	ChIP-seq	CL:0000905	effector memory CD4-positive, alpha-beta T cell	primary cell	Homo sapiens										H3K27ac-human	DNA		see document			False	2013-07-31	Roadmap				1							ENCFF239KPF, ENCFF577PRS	1005936	ENCODE Processing Pipeline	159709dfd8b9674ed7c2d9d434bbc60d		https://www.encodeproject.org/files/ENCFF234SDB/@@download/ENCFF234SDB.bed.gz	GRCh38				released	s3://encode-public/2017/04/07/f5843510-ba47-4263-aeea-28f62dcf1aa7/ENCFF234SDB.bed.gz	low read length, moderate library complexity, mild to moderate bottlenecking		insufficient read depth, poor library complexity, severe bottlenecking	
ENCFF625UHE	bed narrowPeak	peaks	ENCSR892HPQ	ChIP-seq	CL:0000905	effector memory CD4-positive, alpha-beta T cell	primary cell	Homo sapiens										H3K27ac-human	DNA		see document			False	2013-07-31	Roadmap				2							ENCFF585LYF, ENCFF652IFU	1485698	ENCODE Processing Pipeline	475544854fdfcd3747d2de8cf38d1c4b		https://www.encodeproject.org/files/ENCFF625UHE/@@download/ENCFF625UHE.bed.gz	GRCh38				released	s3://encode-public/2018/01/20/d3e2a032-b54b-4a92-8558-5e0481e5d92e/ENCFF625UHE.bed.gz	low read length, moderate library complexity, mild to moderate bottlenecking		insufficient read depth, poor library complexity, severe bottlenecking	
ENCFF793UGX	bed narrowPeak	peaks	ENCSR892HPQ	ChIP-seq	CL:0000905	effector memory CD4-positive, alpha-beta T cell	primary cell	Homo sapiens										H3K27ac-human	DNA		see document			False	2013-07-31	Roadmap				1, 2							ENCFF239KPF, ENCFF577PRS, ENCFF585LYF, ENCFF652IFU	1231966	ENCODE Processing Pipeline	a18817152e838aedecdea4e7538fa386		https://www.encodeproject.org/files/ENCFF793UGX/@@download/ENCFF793UGX.bed.gz	GRCh38				released	s3://encode-public/2018/01/20/42c4ecf4-faa8-4936-b74b-2333eb65f28b/ENCFF793UGX.bed.gz	low read length, moderate library complexity, mild to moderate bottlenecking		insufficient read depth, poor library complexity, severe bottlenecking	
ENCFF331GPY	bed narrowPeak	peaks	ENCSR138DOM	ChIP-seq	CL:0000624	CD4-positive, alpha-beta T cell	primary cell	Homo sapiens	phorbol 13-acetate 12-myristate, ionomycin									H3K27ac-human	DNA		see document			False	2013-07-31	Roadmap				1							ENCFF165EHS, ENCFF855EVO	1534410	ENCODE Processing Pipeline	7195fdd09359b77cb31b657bc1051bbc		https://www.encodeproject.org/files/ENCFF331GPY/@@download/ENCFF331GPY.bed.gz	GRCh38				released	s3://encode-public/2017/04/06/dd4361ec-d375-483e-ae20-d7a899193170/ENCFF331GPY.bed.gz	low read length, low read depth, moderate library complexity, mild to moderate bottlenecking			
ENCFF469LFE	bed narrowPeak	peaks	ENCSR138DOM	ChIP-seq	CL:0000624	CD4-positive, alpha-beta T cell	primary cell	Homo sapiens	phorbol 13-acetate 12-myristate, ionomycin									H3K27ac-human	DNA		see document			False	2013-07-31	Roadmap				2							ENCFF567CGS, ENCFF700MVY	1527432	ENCODE Processing Pipeline	0747b2d82f7b1ca72f5d0f40416b4269		https://www.encodeproject.org/files/ENCFF469LFE/@@download/ENCFF469LFE.bed.gz	GRCh38				released	s3://encode-public/2018/01/20/4318f6f2-ddac-4ee6-bc38-4e7bdbe9b160/ENCFF469LFE.bed.gz	low read length, low read depth, moderate library complexity, mild to moderate bottlenecking			
ENCFF355PHN	bed narrowPeak	peaks	ENCSR138DOM	ChIP-seq	CL:0000624	CD4-positive, alpha-beta T cell	primary cell	Homo sapiens	phorbol 13-acetate 12-myristate, ionomycin									H3K27ac-human	DNA		see document			False	2013-07-31	Roadmap				1, 2							ENCFF165EHS, ENCFF567CGS, ENCFF700MVY, ENCFF855EVO	1787846	ENCODE Processing Pipeline	2d8b0786cdfe47a75d79d90eb42f992d		https://www.encodeproject.org/files/ENCFF355PHN/@@download/ENCFF355PHN.bed.gz	GRCh38				released	s3://encode-public/2018/01/20/8807f318-2aec-472e-88d3-2a3c573b6385/ENCFF355PHN.bed.gz	low read length, low read depth, moderate library complexity, mild to moderate bottlenecking			
ENCFF660VIF	bed narrowPeak	peaks	ENCSR000AUP	ChIP-seq	CL:0000236	B cell	primary cell	Homo sapiens										H3K27ac-human	DNA		see document	see document		False	2012-08-06	ENCODE				1							ENCFF013CQR, ENCFF655NRG, ENCFF849QON	1448459	ENCODE Processing Pipeline	0b2a3b83a61a03ce58edb4f2d24d634d		https://www.encodeproject.org/files/ENCFF660VIF/@@download/ENCFF660VIF.bed.gz	GRCh38				released	s3://encode-public/2016/07/13/26fc6668-2921-412c-868b-791306a39da9/ENCFF660VIF.bed.gz	low read length, moderate library complexity, mild to moderate bottlenecking	mismatched status		
ENCFF082ZYK	bed narrowPeak	peaks	ENCSR000AUP	ChIP-seq	CL:0000236	B cell	primary cell	Homo sapiens										H3K27ac-human	DNA		see document	see document		False	2012-08-06	ENCODE				1, 2							ENCFF013CQR, ENCFF474VOO, ENCFF655NRG, ENCFF849QON	1699742	ENCODE Processing Pipeline	6b1a61f63a882408e0b217951cda82cb		https://www.encodeproject.org/files/ENCFF082ZYK/@@download/ENCFF082ZYK.bed.gz	GRCh38				released	s3://encode-public/2016/07/13/814a31a6-69b9-46e7-b074-ebfed7d5cd5c/ENCFF082ZYK.bed.gz	low read length, moderate library complexity, mild to moderate bottlenecking	mismatched status		
ENCFF765AUX	bed narrowPeak	peaks	ENCSR000AUP	ChIP-seq	CL:0000236	B cell	primary cell	Homo sapiens										H3K27ac-human	DNA		see document	see document		False	2012-08-06	ENCODE				2							ENCFF474VOO, ENCFF655NRG, ENCFF849QON	1608825	ENCODE Processing Pipeline	9824b7954d7414a4f72d91f0b96778d6		https://www.encodeproject.org/files/ENCFF765AUX/@@download/ENCFF765AUX.bed.gz	GRCh38				released	s3://encode-public/2016/07/13/7935d9ab-0c91-4f20-bcdc-ea964d9c3d53/ENCFF765AUX.bed.gz	low read length, moderate library complexity, mild to moderate bottlenecking	mismatched status		
ENCFF825ISC	bed narrowPeak	peaks	ENCSR561KOM	ChIP-seq	CL:0000624	CD4-positive, alpha-beta T cell	primary cell	Homo sapiens										H3K27ac-human	DNA		see document			False	2013-07-31	Roadmap				1							ENCFF082MIE, ENCFF170NIZ	1221889	ENCODE Processing Pipeline	f5fb3d69bf110da59e284f874ff85f71		https://www.encodeproject.org/files/ENCFF825ISC/@@download/ENCFF825ISC.bed.gz	GRCh38				released	s3://encode-public/2017/03/23/c37ea2f2-a767-4c4f-91e3-96a1232adb11/ENCFF825ISC.bed.gz	low read length			
ENCFF796HZE	bed narrowPeak	peaks	ENCSR156XNC	ChIP-seq	CL:2000001	peripheral blood mononuclear cell	primary cell	Homo sapiens										H3K27ac-human	DNA		see document			False	2013-07-31	Roadmap				1							ENCFF503WNJ, ENCFF572MZP	1490197	ENCODE Processing Pipeline	c3041322b3c99f081c75c6646cb9fa22		https://www.encodeproject.org/files/ENCFF796HZE/@@download/ENCFF796HZE.bed.gz	GRCh38				released	s3://encode-public/2017/11/28/a158609a-a044-402a-b01d-b6da83a1366a/ENCFF796HZE.bed.gz				
ENCFF461LHY	bed narrowPeak	peaks	ENCSR007HLH	ChIP-seq	CL:0000625	CD8-positive, alpha-beta T cell	primary cell	Homo sapiens										H3K27ac-human	DNA		see document			False	2013-07-31	Roadmap				1							ENCFF449YKU, ENCFF534JYG	1440328	ENCODE Processing Pipeline	3aba8dc5f1ad12d8936ccdbb92192d66		https://www.encodeproject.org/files/ENCFF461LHY/@@download/ENCFF461LHY.bed.gz	GRCh38				released	s3://encode-public/2017/03/23/2da48629-558d-439f-9ddc-59bb32952095/ENCFF461LHY.bed.gz	low read length			
ENCFF168BRM	bed narrowPeak	peaks	ENCSR191ZQT	ChIP-seq	CL:0000236	B cell	primary cell	Homo sapiens										H3K27ac-human	DNA		see document			False	2013-07-31	Roadmap				1							ENCFF365LRL, ENCFF373SDS	1119806	ENCODE Processing Pipeline	2d0aa9fc4f18f41997c0318cbffa8bcf		https://www.encodeproject.org/files/ENCFF168BRM/@@download/ENCFF168BRM.bed.gz	GRCh38				released	s3://encode-public/2017/03/21/fb93afea-f2ed-4f8b-a6c5-7fee0842f804/ENCFF168BRM.bed.gz	low read length, low read depth, mild to moderate bottlenecking			
ENCFF064IIL	bed narrowPeak	peaks	ENCSR615HXA	ChIP-seq	CL:2000001	peripheral blood mononuclear cell	primary cell	Homo sapiens										H3K27ac-human	DNA		see document			False	2013-07-31	Roadmap				1							ENCFF386MAX, ENCFF687LPA	1216834	ENCODE Processing Pipeline	008f6d8db5dde4e9383cf38e80e714e2		https://www.encodeproject.org/files/ENCFF064IIL/@@download/ENCFF064IIL.bed.gz	GRCh38				released	s3://encode-public/2017/11/28/f0685458-5497-4db6-8cc0-3c86a829de2b/ENCFF064IIL.bed.gz				
ENCFF465URV	bed narrowPeak	peaks	ENCSR835OJV	ChIP-seq	CL:0000625	CD8-positive, alpha-beta T cell	primary cell	Homo sapiens										H3K27ac-human	DNA		see document			False	2013-07-31	Roadmap				1, 2							ENCFF167QXX, ENCFF232SFI, ENCFF346ZJV, ENCFF844URI	893823	ENCODE Processing Pipeline	a9a9fc30893fdc72716e32a938564174		https://www.encodeproject.org/files/ENCFF465URV/@@download/ENCFF465URV.bed.gz	GRCh38				released	s3://encode-public/2018/01/25/36f897f8-a241-4e1b-ac4a-1fa4f84c670f/ENCFF465URV.bed.gz	low read length, low read depth, moderate library complexity, mild to moderate bottlenecking			
ENCFF692JWF	bed narrowPeak	peaks	ENCSR835OJV	ChIP-seq	CL:0000625	CD8-positive, alpha-beta T cell	primary cell	Homo sapiens										H3K27ac-human	DNA		see document			False	2013-07-31	Roadmap				2							ENCFF167QXX, ENCFF346ZJV, ENCFF844URI	754066	ENCODE Processing Pipeline	43eaf33ceaad4a996012c2ca02c077a5		https://www.encodeproject.org/files/ENCFF692JWF/@@download/ENCFF692JWF.bed.gz	GRCh38				released	s3://encode-public/2018/01/25/4cd2b69f-4f62-4914-a0e1-883660781037/ENCFF692JWF.bed.gz	low read length, low read depth, moderate library complexity, mild to moderate bottlenecking			
ENCFF791LZK	bed narrowPeak	peaks	ENCSR835OJV	ChIP-seq	CL:0000625	CD8-positive, alpha-beta T cell	primary cell	Homo sapiens										H3K27ac-human	DNA		see document			False	2013-07-31	Roadmap				1							ENCFF167QXX, ENCFF232SFI, ENCFF844URI	860815	ENCODE Processing Pipeline	a86145e054c4bd711b1c5e1e13963163		https://www.encodeproject.org/files/ENCFF791LZK/@@download/ENCFF791LZK.bed.gz	GRCh38				released	s3://encode-public/2018/01/25/1294f9ad-122d-4566-bf81-6ad56e506d76/ENCFF791LZK.bed.gz	low read length, low read depth, moderate library complexity, mild to moderate bottlenecking			
ENCFF933WTT	bed narrowPeak	peaks	ENCSR012PII	ChIP-seq	CL:0001054	CD14-positive monocyte	primary cell	Homo sapiens										H3K27ac-human	DNA		see document			False	2013-07-31	Roadmap				1							ENCFF680VNR, ENCFF945TJC	1073472	ENCODE Processing Pipeline	4ed334c91166a9a35b6929c14fd7ccb1		https://www.encodeproject.org/files/ENCFF933WTT/@@download/ENCFF933WTT.bed.gz	GRCh38				released	s3://encode-public/2017/03/23/0bb58b48-d7b7-44e7-90f5-01cbe53141ce/ENCFF933WTT.bed.gz	low read length, low read depth, control low read depth, mild to moderate bottlenecking			
ENCFF615YQF	bed narrowPeak	peaks	ENCSR577GVS	ChIP-seq	CL:0000792	CD4-positive, CD25-positive, alpha-beta regulatory T cell	primary cell	Homo sapiens										H3K27ac-human	DNA		see document			False	2013-07-31	Roadmap				1							ENCFF486RNM, ENCFF611AQQ	1326846	ENCODE Processing Pipeline	237055fb373b1a649e889d0bdbcc187f		https://www.encodeproject.org/files/ENCFF615YQF/@@download/ENCFF615YQF.bed.gz	GRCh38				released	s3://encode-public/2018/01/19/a20ee094-ae77-47fa-a580-4a0831c4f0aa/ENCFF615YQF.bed.gz	low read length, mild to moderate bottlenecking		insufficient read depth, poor library complexity, severe bottlenecking	
ENCFF231ZWW	bed narrowPeak	peaks	ENCSR105EMQ	ChIP-seq	CL:2000001	peripheral blood mononuclear cell	primary cell	Homo sapiens										H3K27ac-human	DNA					False	2013-07-31	Roadmap				1							ENCFF350ISY, ENCFF380MFX	1130792	ENCODE Processing Pipeline	f9858de3919be1af38cd2ead3a12e5e7		https://www.encodeproject.org/files/ENCFF231ZWW/@@download/ENCFF231ZWW.bed.gz	GRCh38				released	s3://encode-public/2017/11/28/3868b612-b4f1-4743-bb4b-a64004610ac6/ENCFF231ZWW.bed.gz	low read depth, control low read depth	experiment not submitted to GEO		missing antibody
ENCFF522EGN	bed narrowPeak	peaks	ENCSR546SDM	ChIP-seq	CL:0000624	CD4-positive, alpha-beta T cell	primary cell	Homo sapiens										H3K27ac-human	DNA		see document			False	2013-07-31	Roadmap				2							ENCFF064DMV, ENCFF956SSC	1033750	ENCODE Processing Pipeline	5fd9436ed36b9319b3c2ee346ef78a95		https://www.encodeproject.org/files/ENCFF522EGN/@@download/ENCFF522EGN.bed.gz	GRCh38				released	s3://encode-public/2018/01/20/cfd62f86-d794-4472-bdeb-20435130aa7c/ENCFF522EGN.bed.gz	low read length, low read depth, mild to moderate bottlenecking			
ENCFF405GNY	bed narrowPeak	peaks	ENCSR314BEX	ChIP-seq	CL:0000897	CD4-positive, alpha-beta memory T cell	primary cell	Homo sapiens										H3K27ac-human	DNA		see document			False	2013-07-31	Roadmap				1							ENCFF115XCR, ENCFF914QOY	859340	ENCODE Processing Pipeline	2d34c331ed8d7e358e6cc066cebdba75		https://www.encodeproject.org/files/ENCFF405GNY/@@download/ENCFF405GNY.bed.gz	GRCh38				released	s3://encode-public/2017/04/07/f149fa9f-e6d8-4cb0-bcbc-ebde52c93000/ENCFF405GNY.bed.gz	low read length, low read depth			
ENCFF831PIG	bed narrowPeak	peaks	ENCSR724GUS	ChIP-seq	CL:0000897	CD4-positive, alpha-beta memory T cell	primary cell	Homo sapiens										H3K27ac-human	DNA		see document			False	2013-07-31	Roadmap				2							ENCFF152JEH, ENCFF807ZCI, ENCFF817XVA	1678314	ENCODE Processing Pipeline	2b24a010f4ba8cae5ce4b45ffbf06a12		https://www.encodeproject.org/files/ENCFF831PIG/@@download/ENCFF831PIG.bed.gz	GRCh38				released	s3://encode-public/2018/01/26/c013c83b-6084-4e71-b2b8-447d3533a544/ENCFF831PIG.bed.gz	low read length, low read depth, moderate library complexity, mild to moderate bottlenecking			
ENCFF693ZID	bed narrowPeak	peaks	ENCSR724GUS	ChIP-seq	CL:0000897	CD4-positive, alpha-beta memory T cell	primary cell	Homo sapiens										H3K27ac-human	DNA		see document			False	2013-07-31	Roadmap				1, 2							ENCFF056LBY, ENCFF152JEH, ENCFF807ZCI, ENCFF817XVA	1405819	ENCODE Processing Pipeline	a83127e7703b254c00b28c5084df495e		https://www.encodeproject.org/files/ENCFF693ZID/@@download/ENCFF693ZID.bed.gz	GRCh38				released	s3://encode-public/2018/01/26/89905956-34f8-4648-b3a3-30266bdd5289/ENCFF693ZID.bed.gz	low read length, low read depth, moderate library complexity, mild to moderate bottlenecking			
ENCFF045WIG	bed narrowPeak	peaks	ENCSR724GUS	ChIP-seq	CL:0000897	CD4-positive, alpha-beta memory T cell	primary cell	Homo sapiens										H3K27ac-human	DNA		see document			False	2013-07-31	Roadmap				1							ENCFF056LBY, ENCFF152JEH, ENCFF807ZCI	831232	ENCODE Processing Pipeline	53d0d5ff1f1fc198c20c35ab4e2f4db4		https://www.encodeproject.org/files/ENCFF045WIG/@@download/ENCFF045WIG.bed.gz	GRCh38				released	s3://encode-public/2018/01/26/16b4a5bf-8efa-4a3d-b138-32174fe918d7/ENCFF045WIG.bed.gz	low read length, low read depth, moderate library complexity, mild to moderate bottlenecking			
ENCFF766KYV	bed narrowPeak	peaks	ENCSR000ASJ	ChIP-seq	CL:0001054	CD14-positive monocyte	primary cell	Homo sapiens										H3K27ac-human	DNA		see document	see document		False	2012-08-06	ENCODE				1, 2							ENCFF075YNC, ENCFF329AXT, ENCFF835ZFV, ENCFF865NTT	2488488	ENCODE Processing Pipeline	3dc712219f862da3d142ee911b08516f		https://www.encodeproject.org/files/ENCFF766KYV/@@download/ENCFF766KYV.bed.gz	GRCh38				released	s3://encode-public/2016/07/13/688690e5-9970-4c29-b5e9-935a400594ac/ENCFF766KYV.bed.gz	low read length, low read depth, inconsistent platforms			
ENCFF039XWV	bed narrowPeak	peaks	ENCSR000ASJ	ChIP-seq	CL:0001054	CD14-positive monocyte	primary cell	Homo sapiens										H3K27ac-human	DNA		see document	see document		False	2012-08-06	ENCODE				1							ENCFF075YNC, ENCFF835ZFV, ENCFF865NTT	2120227	ENCODE Processing Pipeline	310f83cac98d3230402fd8b4277979a5		https://www.encodeproject.org/files/ENCFF039XWV/@@download/ENCFF039XWV.bed.gz	GRCh38				released	s3://encode-public/2016/07/13/e557e86c-0469-4218-9471-ffa2e5448303/ENCFF039XWV.bed.gz	low read length, low read depth, inconsistent platforms			
ENCFF107BDD	bed narrowPeak	peaks	ENCSR000ASJ	ChIP-seq	CL:0001054	CD14-positive monocyte	primary cell	Homo sapiens										H3K27ac-human	DNA		see document	see document		False	2012-08-06	ENCODE				2							ENCFF075YNC, ENCFF329AXT, ENCFF865NTT	2216004	ENCODE Processing Pipeline	f01f850124dc881613b31b30f7162caa		https://www.encodeproject.org/files/ENCFF107BDD/@@download/ENCFF107BDD.bed.gz	GRCh38				released	s3://encode-public/2016/07/13/348d4db8-1112-4da9-8ca0-66fcc9345791/ENCFF107BDD.bed.gz	low read length, low read depth, inconsistent platforms			
ENCFF542BPA	bed narrowPeak	peaks	ENCSR041UZZ	ChIP-seq	CL:0000899	T-helper 17 cell	primary cell	Homo sapiens	phorbol 13-acetate 12-myristate, ionomycin									H3K27ac-human	DNA		see document			False	2013-07-31	Roadmap				1							ENCFF623WHF, ENCFF749JAV	1128414	ENCODE Processing Pipeline	c030597d24d9d67ab84f6c3acf54d333		https://www.encodeproject.org/files/ENCFF542BPA/@@download/ENCFF542BPA.bed.gz	GRCh38				released	s3://encode-public/2017/04/07/4b5c2e71-9769-425e-a018-8ba62f2331a8/ENCFF542BPA.bed.gz	low read length, low read depth, moderate library complexity, mild to moderate bottlenecking			
ENCFF211DND	bed narrowPeak	peaks	ENCSR000AKC	ChIP-seq	EFO:0002784	GM12878	cell line	Homo sapiens										H3K27ac-human	DNA		see document	see document		False	2011-02-10	ENCODE				1							ENCFF651UIO, ENCFF684NLR, ENCFF804NCH	1453175	ENCODE Processing Pipeline	be77698d3f90e752911cc20dddd16ce8		https://www.encodeproject.org/files/ENCFF211DND/@@download/ENCFF211DND.bed.gz	GRCh38				released	s3://encode-public/2017/01/05/b2dce7bb-49e2-4975-9297-a52c622166e0/ENCFF211DND.bed.gz	control low read depth		insufficient read depth, control insufficient read depth	
ENCFF763KGD	bed narrowPeak	peaks	ENCSR000AKC	ChIP-seq	EFO:0002784	GM12878	cell line	Homo sapiens										H3K27ac-human	DNA		see document	see document		False	2011-02-10	ENCODE				2							ENCFF684NLR, ENCFF948GTC	1048658	ENCODE Processing Pipeline	c6b28e53a828a3d4e668c99c45a7953c		https://www.encodeproject.org/files/ENCFF763KGD/@@download/ENCFF763KGD.bed.gz	GRCh38				released	s3://encode-public/2017/01/05/6051b285-1b4b-429d-8ef4-a79107cc6763/ENCFF763KGD.bed.gz	control low read depth		insufficient read depth, control insufficient read depth	
ENCFF835NLI	bed narrowPeak	peaks	ENCSR000AKC	ChIP-seq	EFO:0002784	GM12878	cell line	Homo sapiens										H3K27ac-human	DNA		see document	see document		False	2011-02-10	ENCODE				1, 2							ENCFF651UIO, ENCFF684NLR, ENCFF804NCH, ENCFF948GTC	1287228	ENCODE Processing Pipeline	8f03fb11ddcea1af220e52b9bf5cd191		https://www.encodeproject.org/files/ENCFF835NLI/@@download/ENCFF835NLI.bed.gz	GRCh38				released	s3://encode-public/2017/01/05/6304a2c3-847e-4d9c-a292-c7863b00e508/ENCFF835NLI.bed.gz	control low read depth		insufficient read depth, control insufficient read depth	
